id,timestamp,source_ip,destination_ip,destination_port,protocol,bytes_sent,packets_sent,activity
1,2025-08-02T17:18:50.996188,192.168.1.44,222.58.8.132,53,UDP,1381,17,DNS Query
2,2025-08-02T16:44:44.996188,192.168.1.183,221.215.80.63,53,UDP,204,12,DNS Query
3,2025-08-02T17:21:33.996188,192.168.1.30,101.82.181.67,443,TCP,734,1,HTTPS Connection
4,2025-08-02T17:16:20.996188,192.168.1.48,41.83.195.2,53,UDP,494,5,DNS Query
5,2025-08-02T16:59:35.996188,192.168.1.144,196.139.169.228,53,UDP,1363,13,DNS Query
6,2025-08-02T16:49:02.996188,192.168.1.91,180.35.142.233,53,UDP,1225,17,DNS Query
7,2025-08-02T17:24:05.996188,192.168.1.196,69.28.115.7,53,UDP,150,20,DNS Query
8,2025-08-02T16:47:02.996188,192.168.1.57,70.130.100.181,80,TCP,1177,2,HTTP Web Browsing
9,2025-08-02T17:24:31.996188,192.168.1.49,154.26.129.51,53,UDP,636,19,DNS Query
10,2025-08-02T16:40:11.996188,192.168.1.178,144.71.173.49,21,TCP,280773,174,FTP Transfer
11,2025-08-02T16:57:44.996188,192.168.1.71,192.147.101.194,53,UDP,409,5,DNS Query
12,2025-08-02T17:00:33.996188,192.168.1.33,146.121.10.112,53,UDP,1029,19,DNS Query
13,2025-08-02T16:47:59.996188,192.168.1.13,206.232.60.233,22,TCP,704,10,SSH Connection
14,2025-08-02T16:59:19.996188,192.168.1.147,128.152.106.198,443,TCP,789,9,HTTPS Connection
15,2025-08-02T17:04:04.996188,192.168.1.106,180.72.248.23,443,TCP,1118,8,HTTPS Connection
16,2025-08-02T17:05:49.996188,192.168.1.163,45.28.83.10,53,UDP,500,2,DNS Query
17,2025-08-02T16:51:06.996188,192.168.1.186,17.148.151.184,443,TCP,465,10,HTTPS Connection
18,2025-08-02T16:32:37.996188,192.168.1.182,205.148.219.145,53,UDP,1249,11,DNS Query
19,2025-08-02T16:53:02.996188,192.168.1.168,114.183.167.131,443,TCP,868,5,HTTPS Connection
20,2025-08-02T16:48:25.996188,192.168.1.195,218.136.94.1,21,TCP,40886,118,FTP Transfer
21,2025-08-02T16:34:46.996188,192.168.1.126,182.65.25.56,53,UDP,1466,17,DNS Query
22,2025-08-02T16:47:30.996188,192.168.1.33,115.46.121.127,53,UDP,482,1,DNS Query
23,2025-08-02T17:27:30.996188,192.168.1.74,58.10.203.25,53,UDP,231,7,DNS Query
24,2025-08-02T17:09:37.996188,192.168.1.185,56.43.248.207,80,TCP,1335,7,HTTP Web Browsing
25,2025-08-02T17:11:29.996188,192.168.1.62,134.217.222.129,443,TCP,1465,10,HTTPS Connection
26,2025-08-02T16:58:01.996188,192.168.1.56,54.102.26.159,80,TCP,956,9,HTTP Web Browsing
27,2025-08-02T17:13:17.996188,192.168.1.162,12.81.125.139,25,TCP,223,8,SMTP Email
28,2025-08-02T16:50:46.996188,192.168.1.131,44.255.61.30,443,TCP,1271,2,HTTPS Connection
29,2025-08-02T16:56:19.996188,192.168.1.33,211.54.10.14,443,TCP,873,1,HTTPS Connection
30,2025-08-02T16:32:36.996188,192.168.1.140,153.65.91.58,53,UDP,636,3,DNS Query
31,2025-08-02T16:44:46.996188,192.168.1.110,169.200.141.48,53,UDP,682,3,DNS Query
32,2025-08-02T16:34:51.996188,192.168.1.152,110.229.222.150,443,TCP,638,20,HTTPS Connection
33,2025-08-02T17:30:12.996188,192.168.1.109,31.230.171.4,443,TCP,577,7,HTTPS Connection
34,2025-08-02T17:08:46.996188,192.168.1.47,166.213.188.111,53,UDP,1443,14,DNS Query
35,2025-08-02T16:33:21.996188,192.168.1.34,130.161.69.136,53,UDP,182,5,DNS Query
36,2025-08-02T16:50:14.996188,192.168.1.65,103.80.121.114,443,TCP,1004,5,HTTPS Connection
37,2025-08-02T17:01:46.996188,192.168.1.89,27.226.101.197,53,UDP,581,13,DNS Query
38,2025-08-02T17:22:09.996188,192.168.1.31,127.235.200.107,53,UDP,425,9,DNS Query
39,2025-08-02T16:41:41.996188,192.168.1.85,93.94.28.202,53,UDP,1144,7,DNS Query
40,2025-08-02T17:17:52.996188,192.168.1.30,52.92.124.178,53,UDP,610,12,DNS Query
41,2025-08-02T17:21:11.996188,192.168.1.109,119.222.207.13,25,TCP,782,19,SMTP Email
42,2025-08-02T17:27:33.996188,192.168.1.165,190.241.198.29,80,TCP,544,17,HTTP Web Browsing
43,2025-08-02T16:44:11.996188,192.168.1.48,222.109.145.245,443,TCP,1175,11,HTTPS Connection
44,2025-08-02T16:37:54.996188,192.168.1.36,173.76.177.46,80,TCP,598,5,HTTP Web Browsing
45,2025-08-02T17:27:07.996188,192.168.1.114,22.45.136.143,443,TCP,999,12,HTTPS Connection
46,2025-08-02T16:56:00.996188,192.168.1.83,122.56.167.106,53,UDP,1200,14,DNS Query
47,2025-08-02T17:25:11.996188,192.168.1.151,133.14.170.28,53,UDP,246,2,DNS Query
48,2025-08-02T16:38:23.996188,192.168.1.129,60.85.30.143,443,TCP,435,6,HTTPS Connection
49,2025-08-02T17:29:07.996188,192.168.1.18,96.185.174.19,443,TCP,505,4,HTTPS Connection
50,2025-08-02T16:58:40.996188,192.168.1.164,45.17.18.186,53,UDP,873,20,DNS Query
51,2025-08-02T17:05:08.996188,192.168.1.44,141.59.36.145,443,TCP,270,1,HTTPS Connection
52,2025-08-02T17:09:55.996188,192.168.1.59,57.144.40.88,25,TCP,61,19,SMTP Email
53,2025-08-02T16:58:46.996188,192.168.1.154,154.250.52.4,25,TCP,289,10,SMTP Email
54,2025-08-02T16:52:38.996188,192.168.1.63,112.71.193.19,443,TCP,988,14,HTTPS Connection
55,2025-08-02T16:40:32.996188,192.168.1.159,92.51.219.230,21,TCP,154247,286,FTP Transfer
56,2025-08-02T16:47:34.996188,192.168.1.137,116.103.32.225,443,TCP,1328,7,HTTPS Connection
57,2025-08-02T17:11:06.996188,192.168.1.41,172.241.64.201,53,UDP,353,11,DNS Query
58,2025-08-02T16:32:56.996188,192.168.1.80,144.199.96.245,53,UDP,435,6,DNS Query
59,2025-08-02T16:54:10.996188,192.168.1.197,39.180.98.83,22,TCP,311,18,SSH Connection
60,2025-08-02T16:33:44.996188,192.168.1.127,131.214.146.9,443,TCP,507,13,HTTPS Connection
61,2025-08-02T16:36:56.996188,192.168.1.193,213.218.9.42,80,TCP,154,12,HTTP Web Browsing
62,2025-08-02T17:06:55.996188,192.168.1.63,153.71.155.232,443,TCP,1242,16,HTTPS Connection
63,2025-08-02T17:03:48.996188,192.168.1.68,132.138.20.68,443,TCP,902,19,HTTPS Connection
64,2025-08-02T17:19:43.996188,192.168.1.134,13.88.225.114,53,UDP,892,9,DNS Query
65,2025-08-02T17:10:39.996188,192.168.1.173,191.68.199.17,25,TCP,1333,8,SMTP Email
66,2025-08-02T17:03:59.996188,192.168.1.149,27.240.214.203,443,TCP,1334,9,HTTPS Connection
67,2025-08-02T17:15:22.996188,192.168.1.48,111.24.161.252,22,TCP,627,9,SSH Connection
68,2025-08-02T16:37:46.996188,192.168.1.127,29.215.209.23,53,UDP,492,8,DNS Query
69,2025-08-02T17:11:31.996188,192.168.1.166,11.25.28.93,53,UDP,1066,12,DNS Query
70,2025-08-02T16:45:57.996188,192.168.1.164,70.41.215.26,53,UDP,1221,18,DNS Query
71,2025-08-02T16:53:44.996188,192.168.1.34,101.52.92.197,25,TCP,987,2,SMTP Email
72,2025-08-02T17:13:40.996188,192.168.1.67,50.236.133.134,53,UDP,390,13,DNS Query
73,2025-08-02T16:57:59.996188,192.168.1.106,18.80.161.204,53,UDP,497,4,DNS Query
74,2025-08-02T17:27:49.996188,192.168.1.80,79.121.5.32,443,TCP,812,20,HTTPS Connection
75,2025-08-02T17:07:59.996188,192.168.1.99,155.244.235.32,53,UDP,547,13,DNS Query
76,2025-08-02T17:15:02.996188,192.168.1.124,165.2.42.61,25,TCP,900,11,SMTP Email
77,2025-08-02T17:30:26.996188,192.168.1.88,75.170.193.206,443,TCP,1372,19,HTTPS Connection
78,2025-08-02T16:42:46.996188,192.168.1.179,159.100.193.198,53,UDP,689,19,DNS Query
79,2025-08-02T16:52:50.996188,192.168.1.15,58.149.232.174,25,TCP,875,15,SMTP Email
80,2025-08-02T16:36:47.996188,192.168.1.139,132.194.45.233,53,UDP,617,4,DNS Query
81,2025-08-02T17:28:09.996188,192.168.1.100,22.232.201.244,53,UDP,640,15,DNS Query
82,2025-08-02T16:42:53.996188,192.168.1.40,145.59.173.26,25,TCP,516,3,SMTP Email
83,2025-08-02T16:47:25.996188,192.168.1.146,11.127.128.204,443,TCP,773,1,HTTPS Connection
84,2025-08-02T17:08:29.996188,192.168.1.66,85.170.73.101,53,UDP,859,13,DNS Query
85,2025-08-02T16:37:03.996188,192.168.1.35,87.129.202.99,53,UDP,733,5,DNS Query
86,2025-08-02T16:55:55.996188,192.168.1.65,213.105.10.117,80,TCP,69,13,HTTP Web Browsing
87,2025-08-02T17:23:02.996188,192.168.1.109,142.168.145.101,443,TCP,1477,3,HTTPS Connection
88,2025-08-02T17:23:49.996188,192.168.1.39,197.33.169.172,443,TCP,347,15,HTTPS Connection
89,2025-08-02T16:40:31.996188,192.168.1.128,87.249.122.147,53,UDP,1172,18,DNS Query
90,2025-08-02T16:36:46.996188,192.168.1.147,206.152.16.188,25,TCP,779,2,SMTP Email
91,2025-08-02T17:22:38.996188,192.168.1.173,108.143.94.30,21,TCP,471690,132,FTP Transfer
92,2025-08-02T16:56:23.996188,192.168.1.165,57.127.198.155,53,UDP,518,1,DNS Query
93,2025-08-02T17:06:23.996188,192.168.1.188,210.107.231.98,53,UDP,944,17,DNS Query
94,2025-08-02T17:28:27.996188,192.168.1.74,57.29.236.108,53,UDP,228,17,DNS Query
95,2025-08-02T16:50:34.996188,192.168.1.187,179.70.232.105,443,TCP,812,6,HTTPS Connection
96,2025-08-02T17:20:18.996188,192.168.1.154,165.116.93.16,443,TCP,598,2,HTTPS Connection
97,2025-08-02T17:05:50.996188,192.168.1.71,12.255.89.190,21,TCP,65545,229,FTP Transfer
98,2025-08-02T17:15:40.996188,192.168.1.59,51.84.51.10,53,UDP,1333,20,DNS Query
99,2025-08-02T17:22:57.996188,192.168.1.98,110.176.209.104,53,UDP,1440,11,DNS Query
100,2025-08-02T17:07:40.996188,192.168.1.70,153.236.220.227,80,TCP,104,7,HTTP Web Browsing
101,2025-08-02T17:13:40.996188,192.168.1.163,139.138.86.19,443,TCP,842,2,HTTPS Connection
102,2025-08-02T16:39:37.996188,192.168.1.50,214.98.6.112,53,UDP,96,13,DNS Query
103,2025-08-02T17:00:49.996188,192.168.1.63,196.22.41.12,53,UDP,714,9,DNS Query
104,2025-08-02T17:22:11.996188,192.168.1.195,40.191.22.167,53,UDP,739,20,DNS Query
105,2025-08-02T16:55:15.996188,192.168.1.21,119.147.178.226,443,TCP,1026,18,HTTPS Connection
106,2025-08-02T17:05:40.996188,192.168.1.93,81.63.54.38,53,UDP,676,18,DNS Query
107,2025-08-02T17:24:01.996188,192.168.1.74,43.9.71.82,443,TCP,916,18,HTTPS Connection
108,2025-08-02T17:23:08.996188,192.168.1.190,222.4.87.216,443,TCP,434,15,HTTPS Connection
109,2025-08-02T16:51:22.996188,192.168.1.26,204.123.240.194,443,TCP,454,16,HTTPS Connection
110,2025-08-02T16:47:41.996188,192.168.1.175,76.42.223.82,25,TCP,1464,4,SMTP Email
111,2025-08-02T17:10:00.996188,192.168.1.24,3.51.194.121,22,TCP,256,4,SSH Connection
112,2025-08-02T16:54:02.996188,192.168.1.12,77.228.142.226,53,UDP,263,11,DNS Query
113,2025-08-02T16:35:47.996188,192.168.1.29,67.197.208.237,53,UDP,1059,18,DNS Query
114,2025-08-02T17:12:50.996188,192.168.1.10,82.117.160.238,53,UDP,1229,12,DNS Query
115,2025-08-02T17:03:58.996188,192.168.1.29,110.85.135.224,53,UDP,714,1,DNS Query
116,2025-08-02T17:22:59.996188,192.168.1.59,20.87.83.126,443,TCP,546,20,HTTPS Connection
117,2025-08-02T16:51:04.996188,192.168.1.193,135.226.190.106,443,TCP,643,1,HTTPS Connection
118,2025-08-02T16:48:08.996188,192.168.1.165,65.100.174.152,25,TCP,553,16,SMTP Email
119,2025-08-02T16:51:37.996188,192.168.1.52,148.188.129.231,53,UDP,559,17,DNS Query
120,2025-08-02T16:40:55.996188,192.168.1.111,12.229.133.109,53,UDP,238,5,DNS Query
121,2025-08-02T17:23:34.996188,192.168.1.75,206.74.158.92,53,UDP,898,1,DNS Query
122,2025-08-02T17:14:18.996188,192.168.1.138,100.98.15.101,53,UDP,1373,15,DNS Query
123,2025-08-02T17:09:27.996188,192.168.1.133,216.211.163.187,22,TCP,1160,19,SSH Connection
124,2025-08-02T16:34:03.996188,192.168.1.27,2.133.118.128,53,UDP,1255,19,DNS Query
125,2025-08-02T17:08:15.996188,192.168.1.130,64.241.135.43,22,TCP,1247,3,SSH Connection
126,2025-08-02T17:29:15.996188,192.168.1.35,7.50.123.196,443,TCP,227,13,HTTPS Connection
127,2025-08-02T16:32:31.996188,192.168.1.72,199.7.114.74,22,TCP,539,7,SSH Connection
128,2025-08-02T17:02:11.996188,192.168.1.136,68.244.137.2,443,TCP,945,17,HTTPS Connection
129,2025-08-02T16:45:10.996188,192.168.1.45,189.225.110.206,53,UDP,599,14,DNS Query
130,2025-08-02T17:16:57.996188,192.168.1.97,72.129.217.36,443,TCP,1035,16,HTTPS Connection
131,2025-08-02T17:04:46.996188,192.168.1.194,197.58.53.147,80,TCP,1074,8,HTTP Web Browsing
132,2025-08-02T17:18:04.996188,192.168.1.52,120.14.246.47,443,TCP,743,1,HTTPS Connection
133,2025-08-02T17:06:16.996188,192.168.1.95,199.53.251.153,53,UDP,903,9,DNS Query
134,2025-08-02T17:23:44.996188,192.168.1.174,133.109.145.151,53,UDP,157,11,DNS Query
135,2025-08-02T17:17:36.996188,192.168.1.149,175.70.25.50,53,UDP,800,10,DNS Query
136,2025-08-02T16:37:29.996188,192.168.1.122,205.168.12.191,53,UDP,1406,14,DNS Query
137,2025-08-02T16:33:05.996188,192.168.1.49,2.30.56.82,80,TCP,564,6,HTTP Web Browsing
138,2025-08-02T17:04:06.996188,192.168.1.177,167.142.198.121,53,UDP,156,3,DNS Query
139,2025-08-02T16:34:34.996188,192.168.1.186,41.240.128.102,53,UDP,569,1,DNS Query
140,2025-08-02T17:18:56.996188,192.168.1.75,140.111.191.76,80,TCP,614,8,HTTP Web Browsing
141,2025-08-02T16:53:33.996188,192.168.1.120,158.57.66.95,80,TCP,164,9,HTTP Web Browsing
142,2025-08-02T17:25:59.996188,192.168.1.28,8.138.46.63,80,TCP,162,9,HTTP Web Browsing
143,2025-08-02T16:44:57.996188,192.168.1.127,113.121.94.219,53,UDP,643,9,DNS Query
144,2025-08-02T17:11:24.996188,192.168.1.186,42.223.3.203,53,UDP,1115,15,DNS Query
145,2025-08-02T16:34:19.996188,192.168.1.70,108.75.72.54,443,TCP,735,19,HTTPS Connection
146,2025-08-02T16:49:11.996188,192.168.1.126,132.184.162.90,443,TCP,1032,9,HTTPS Connection
147,2025-08-02T17:09:31.996188,192.168.1.125,162.112.74.122,53,UDP,1419,11,DNS Query
148,2025-08-02T16:53:45.996188,192.168.1.32,51.163.135.45,53,UDP,557,1,DNS Query
149,2025-08-02T17:17:30.996188,192.168.1.124,176.204.85.186,22,TCP,429,19,SSH Connection
150,2025-08-02T16:45:41.996188,192.168.1.78,186.196.82.17,53,UDP,1109,14,DNS Query
151,2025-08-02T17:30:16.996188,192.168.1.12,144.138.154.10,80,TCP,613,18,HTTP Web Browsing
152,2025-08-02T17:23:35.996188,192.168.1.75,108.159.37.60,22,TCP,903,2,SSH Connection
153,2025-08-02T17:12:24.996188,192.168.1.16,107.87.255.246,443,TCP,542,14,HTTPS Connection
154,2025-08-02T17:06:06.996188,192.168.1.164,10.47.75.46,80,TCP,1273,2,HTTP Web Browsing
155,2025-08-02T17:06:02.996188,192.168.1.111,213.203.17.177,53,UDP,423,6,DNS Query
156,2025-08-02T16:53:56.996188,192.168.1.79,51.150.102.50,25,TCP,681,1,SMTP Email
157,2025-08-02T16:32:12.996188,192.168.1.28,66.83.96.164,22,TCP,749,4,SSH Connection
158,2025-08-02T17:08:16.996188,192.168.1.24,180.114.58.210,443,TCP,365,12,HTTPS Connection
159,2025-08-02T16:46:40.996188,192.168.1.166,206.50.221.101,53,UDP,706,6,DNS Query
160,2025-08-02T17:14:46.996188,192.168.1.72,33.185.172.188,25,TCP,1484,16,SMTP Email
161,2025-08-02T17:28:02.996188,192.168.1.154,82.142.88.221,21,TCP,38328,453,FTP Transfer
162,2025-08-02T17:09:34.996188,192.168.1.140,199.74.247.179,53,UDP,81,13,DNS Query
163,2025-08-02T17:22:23.996188,192.168.1.197,219.250.138.119,443,TCP,1349,19,HTTPS Connection
164,2025-08-02T17:02:26.996188,192.168.1.63,133.71.116.64,443,TCP,251,20,HTTPS Connection
165,2025-08-02T17:28:00.996188,192.168.1.105,190.122.3.105,443,TCP,795,4,HTTPS Connection
166,2025-08-02T17:28:02.996188,192.168.1.179,80.97.244.82,53,UDP,1279,11,DNS Query
167,2025-08-02T17:08:09.996188,192.168.1.46,111.124.238.205,80,TCP,1366,14,HTTP Web Browsing
168,2025-08-02T17:21:33.996188,192.168.1.73,26.159.254.229,443,TCP,128,11,HTTPS Connection
169,2025-08-02T16:43:35.996188,192.168.1.25,204.144.63.212,443,TCP,1148,13,HTTPS Connection
170,2025-08-02T17:23:47.996188,192.168.1.25,198.92.18.149,53,UDP,1497,6,DNS Query
171,2025-08-02T16:54:54.996188,192.168.1.76,88.113.243.91,53,UDP,523,15,DNS Query
172,2025-08-02T16:43:00.996188,192.168.1.62,190.223.34.134,53,UDP,144,18,DNS Query
173,2025-08-02T16:37:29.996188,192.168.1.108,56.27.83.76,80,TCP,938,7,HTTP Web Browsing
174,2025-08-02T16:46:58.996188,192.168.1.109,85.177.163.46,80,TCP,335,18,HTTP Web Browsing
175,2025-08-02T17:11:12.996188,192.168.1.84,95.57.3.185,53,UDP,944,7,DNS Query
176,2025-08-02T17:15:09.996188,192.168.1.81,201.90.29.201,53,UDP,96,3,DNS Query
177,2025-08-02T17:18:49.996188,192.168.1.58,168.36.219.19,443,TCP,1165,13,HTTPS Connection
178,2025-08-02T17:26:04.996188,192.168.1.26,186.134.166.191,443,TCP,1365,18,HTTPS Connection
179,2025-08-02T17:29:43.996188,192.168.1.85,74.122.132.46,25,TCP,1167,20,SMTP Email
180,2025-08-02T17:12:12.996188,192.168.1.134,205.203.80.150,443,TCP,758,11,HTTPS Connection
181,2025-08-02T17:30:58.996188,192.168.1.103,12.1.95.39,21,TCP,379528,273,FTP Transfer
182,2025-08-02T16:48:34.996188,192.168.1.27,206.105.97.101,80,TCP,1317,6,HTTP Web Browsing
183,2025-08-02T17:18:36.996188,192.168.1.130,165.246.182.56,443,TCP,1405,20,HTTPS Connection
184,2025-08-02T16:57:13.996188,192.168.1.96,174.169.211.103,80,TCP,1093,11,HTTP Web Browsing
185,2025-08-02T17:19:28.996188,192.168.1.199,143.145.150.103,53,UDP,470,12,DNS Query
186,2025-08-02T16:50:29.996188,192.168.1.84,221.70.139.201,53,UDP,783,11,DNS Query
187,2025-08-02T17:04:31.996188,192.168.1.115,60.14.220.46,80,TCP,1443,4,HTTP Web Browsing
188,2025-08-02T16:57:32.996188,192.168.1.152,52.193.141.139,21,TCP,262444,333,FTP Transfer
189,2025-08-02T17:25:59.996188,192.168.1.141,24.236.225.44,80,TCP,313,3,HTTP Web Browsing
190,2025-08-02T16:47:16.996188,192.168.1.182,28.195.6.29,80,TCP,507,13,HTTP Web Browsing
191,2025-08-02T17:17:23.996188,192.168.1.127,215.59.130.52,443,TCP,378,3,HTTPS Connection
192,2025-08-02T16:51:06.996188,192.168.1.87,68.21.118.79,25,TCP,811,14,SMTP Email
193,2025-08-02T17:09:45.996188,192.168.1.16,179.237.156.18,53,UDP,1404,14,DNS Query
194,2025-08-02T16:36:20.996188,192.168.1.34,147.2.112.166,53,UDP,1469,3,DNS Query
195,2025-08-02T16:52:04.996188,192.168.1.192,168.136.110.127,53,UDP,1246,6,DNS Query
196,2025-08-02T16:37:35.996188,192.168.1.86,69.240.9.63,443,TCP,615,5,HTTPS Connection
197,2025-08-02T17:23:53.996188,192.168.1.140,215.65.37.91,53,UDP,604,20,DNS Query
198,2025-08-02T16:51:22.996188,192.168.1.115,146.5.216.29,443,TCP,417,15,HTTPS Connection
199,2025-08-02T16:41:34.996188,192.168.1.183,37.233.239.251,53,UDP,124,8,DNS Query
200,2025-08-02T16:54:56.996188,192.168.1.39,54.70.139.4,53,UDP,164,19,DNS Query
201,2025-08-02T17:29:59.996188,192.168.1.30,30.250.25.166,21,TCP,438226,178,FTP Transfer
202,2025-08-02T16:45:04.996188,192.168.1.149,165.199.167.66,443,TCP,302,6,HTTPS Connection
203,2025-08-02T16:33:21.996188,192.168.1.37,157.30.102.17,443,TCP,1481,2,HTTPS Connection
204,2025-08-02T17:08:21.996188,192.168.1.153,87.220.47.157,53,UDP,1387,10,DNS Query
205,2025-08-02T17:19:25.996188,192.168.1.102,18.147.255.240,80,TCP,981,1,HTTP Web Browsing
206,2025-08-02T16:42:55.996188,192.168.1.153,121.70.253.84,53,UDP,171,8,DNS Query
207,2025-08-02T16:51:22.996188,192.168.1.31,139.77.133.249,25,TCP,144,14,SMTP Email
208,2025-08-02T17:28:18.996188,192.168.1.162,158.38.176.239,53,UDP,969,5,DNS Query
209,2025-08-02T16:48:39.996188,192.168.1.23,75.46.52.99,53,UDP,111,11,DNS Query
210,2025-08-02T16:50:59.996188,192.168.1.128,68.112.158.69,53,UDP,935,18,DNS Query
211,2025-08-02T17:18:46.996188,192.168.1.65,109.27.241.206,443,TCP,1196,20,HTTPS Connection
212,2025-08-02T16:41:47.996188,192.168.1.132,17.85.73.105,80,TCP,73,17,HTTP Web Browsing
213,2025-08-02T17:25:47.996188,192.168.1.68,27.160.97.202,80,TCP,955,18,HTTP Web Browsing
214,2025-08-02T16:33:36.996188,192.168.1.138,151.95.4.61,53,UDP,1373,5,DNS Query
215,2025-08-02T17:26:49.996188,192.168.1.34,208.25.176.175,80,TCP,740,19,HTTP Web Browsing
216,2025-08-02T16:54:56.996188,192.168.1.191,128.217.148.218,53,UDP,986,4,DNS Query
217,2025-08-02T17:30:47.996188,192.168.1.110,42.36.177.159,443,TCP,504,4,HTTPS Connection
218,2025-08-02T17:10:31.996188,192.168.1.197,23.104.173.254,22,TCP,1410,16,SSH Connection
219,2025-08-02T17:06:39.996188,192.168.1.35,14.137.194.80,53,UDP,1319,1,DNS Query
220,2025-08-02T17:29:39.996188,192.168.1.127,24.88.232.214,443,TCP,754,17,HTTPS Connection
221,2025-08-02T16:34:19.996188,192.168.1.104,209.135.57.83,80,TCP,1264,20,HTTP Web Browsing
222,2025-08-02T16:55:09.996188,192.168.1.151,131.183.63.1,53,UDP,226,2,DNS Query
223,2025-08-02T16:50:13.996188,192.168.1.182,130.114.160.236,443,TCP,1197,14,HTTPS Connection
224,2025-08-02T16:40:09.996188,192.168.1.30,156.122.159.248,80,TCP,1305,1,HTTP Web Browsing
225,2025-08-02T17:06:07.996188,192.168.1.135,71.53.2.34,443,TCP,1270,6,HTTPS Connection
226,2025-08-02T16:50:48.996188,192.168.1.10,151.158.43.91,443,TCP,880,10,HTTPS Connection
227,2025-08-02T16:58:30.996188,192.168.1.182,192.152.2.202,443,TCP,990,7,HTTPS Connection
228,2025-08-02T16:33:08.996188,192.168.1.109,173.108.61.131,80,TCP,544,19,HTTP Web Browsing
229,2025-08-02T17:02:30.996188,192.168.1.77,154.141.151.81,22,TCP,1269,15,SSH Connection
230,2025-08-02T16:40:46.996188,192.168.1.172,128.150.10.187,25,TCP,1381,8,SMTP Email
231,2025-08-02T16:36:26.996188,192.168.1.171,180.228.214.47,443,TCP,117,16,HTTPS Connection
232,2025-08-02T16:52:34.996188,192.168.1.134,83.152.97.219,53,UDP,509,19,DNS Query
233,2025-08-02T17:01:00.996188,192.168.1.69,121.169.13.94,53,UDP,1386,8,DNS Query
234,2025-08-02T16:52:15.996188,192.168.1.64,183.196.191.2,53,UDP,1394,1,DNS Query
235,2025-08-02T16:34:29.996188,192.168.1.83,26.102.34.123,80,TCP,1081,9,HTTP Web Browsing
236,2025-08-02T17:18:31.996188,192.168.1.173,14.142.36.152,53,UDP,467,17,DNS Query
237,2025-08-02T16:59:10.996188,192.168.1.152,140.120.235.217,53,UDP,367,8,DNS Query
238,2025-08-02T16:35:44.996188,192.168.1.170,110.155.164.39,53,UDP,505,9,DNS Query
239,2025-08-02T17:03:36.996188,192.168.1.149,85.226.147.53,25,TCP,583,9,SMTP Email
240,2025-08-02T17:28:57.996188,192.168.1.197,38.219.211.173,53,UDP,217,17,DNS Query
241,2025-08-02T17:10:11.996188,192.168.1.175,115.115.103.136,53,UDP,1097,9,DNS Query
242,2025-08-02T17:00:17.996188,192.168.1.54,214.17.97.123,53,UDP,870,14,DNS Query
243,2025-08-02T17:17:34.996188,192.168.1.152,221.91.23.105,53,UDP,493,13,DNS Query
244,2025-08-02T17:20:35.996188,192.168.1.114,207.160.234.223,53,UDP,404,9,DNS Query
245,2025-08-02T16:57:00.996188,192.168.1.193,131.233.146.86,22,TCP,435,14,SSH Connection
246,2025-08-02T17:14:25.996188,192.168.1.56,60.77.15.59,53,UDP,821,16,DNS Query
247,2025-08-02T16:40:52.996188,192.168.1.185,12.49.203.70,80,TCP,644,4,HTTP Web Browsing
248,2025-08-02T16:55:10.996188,192.168.1.129,219.122.82.3,443,TCP,877,5,HTTPS Connection
249,2025-08-02T17:25:23.996188,192.168.1.68,173.192.226.109,80,TCP,873,9,HTTP Web Browsing
250,2025-08-02T17:21:02.996188,192.168.1.11,94.210.69.250,53,UDP,108,15,DNS Query
251,2025-08-02T16:48:22.996188,192.168.1.173,215.151.191.57,80,TCP,88,5,HTTP Web Browsing
252,2025-08-02T17:26:35.996188,192.168.1.77,174.75.178.62,443,TCP,459,11,HTTPS Connection
253,2025-08-02T16:33:30.996188,192.168.1.151,185.196.118.59,53,UDP,882,13,DNS Query
254,2025-08-02T17:14:26.996188,192.168.1.93,33.14.61.195,53,UDP,523,14,DNS Query
255,2025-08-02T17:23:29.996188,192.168.1.170,215.66.248.41,443,TCP,1415,7,HTTPS Connection
256,2025-08-02T17:10:45.996188,192.168.1.167,57.190.201.175,443,TCP,502,12,HTTPS Connection
257,2025-08-02T16:40:02.996188,192.168.1.136,12.63.20.48,443,TCP,1004,5,HTTPS Connection
258,2025-08-02T17:13:33.996188,192.168.1.136,169.121.239.89,21,TCP,106385,424,FTP Transfer
259,2025-08-02T17:07:18.996188,192.168.1.124,27.230.154.178,25,TCP,1442,8,SMTP Email
260,2025-08-02T16:54:50.996188,192.168.1.59,92.72.56.203,53,UDP,767,6,DNS Query
261,2025-08-02T16:44:45.996188,192.168.1.44,157.159.240.20,53,UDP,456,11,DNS Query
262,2025-08-02T17:15:07.996188,192.168.1.98,220.170.80.231,53,UDP,530,9,DNS Query
263,2025-08-02T16:41:18.996188,192.168.1.36,134.118.167.92,443,TCP,968,20,HTTPS Connection
264,2025-08-02T17:16:30.996188,192.168.1.28,41.225.212.62,80,TCP,1335,11,HTTP Web Browsing
265,2025-08-02T17:01:00.996188,192.168.1.188,206.148.67.132,22,TCP,934,16,SSH Connection
266,2025-08-02T17:04:33.996188,192.168.1.111,216.173.181.237,53,UDP,1211,5,DNS Query
267,2025-08-02T16:51:14.996188,192.168.1.106,114.21.194.185,443,TCP,214,10,HTTPS Connection
268,2025-08-02T16:53:16.996188,192.168.1.142,76.161.147.211,53,UDP,1283,17,DNS Query
269,2025-08-02T16:36:41.996188,192.168.1.46,154.142.214.57,53,UDP,1477,18,DNS Query
270,2025-08-02T16:58:02.996188,192.168.1.100,99.5.252.127,443,TCP,618,8,HTTPS Connection
271,2025-08-02T17:03:52.996188,192.168.1.12,57.104.234.187,21,TCP,169545,72,FTP Transfer
272,2025-08-02T17:17:46.996188,192.168.1.19,154.81.38.222,443,TCP,1094,14,HTTPS Connection
273,2025-08-02T17:27:35.996188,192.168.1.113,80.237.226.244,53,UDP,546,7,DNS Query
274,2025-08-02T16:52:30.996188,192.168.1.107,21.153.230.67,53,UDP,486,14,DNS Query
275,2025-08-02T16:49:53.996188,192.168.1.91,39.44.169.129,53,UDP,145,18,DNS Query
276,2025-08-02T16:41:24.996188,192.168.1.82,119.23.134.62,80,TCP,584,1,HTTP Web Browsing
277,2025-08-02T16:45:07.996188,192.168.1.35,16.136.0.225,443,TCP,1481,6,HTTPS Connection
278,2025-08-02T17:25:55.996188,192.168.1.106,94.135.126.63,53,UDP,346,18,DNS Query
279,2025-08-02T16:33:14.996188,192.168.1.68,119.28.241.164,53,UDP,474,12,DNS Query
280,2025-08-02T17:09:49.996188,192.168.1.48,185.237.137.35,443,TCP,526,9,HTTPS Connection
281,2025-08-02T17:03:07.996188,192.168.1.84,48.129.198.132,22,TCP,902,9,SSH Connection
282,2025-08-02T16:55:44.996188,192.168.1.135,78.95.33.30,443,TCP,553,5,HTTPS Connection
283,2025-08-02T17:16:21.996188,192.168.1.194,31.187.85.121,443,TCP,907,13,HTTPS Connection
284,2025-08-02T17:00:27.996188,192.168.1.136,24.150.15.134,22,TCP,541,13,SSH Connection
285,2025-08-02T16:58:16.996188,192.168.1.198,136.190.63.64,443,TCP,734,14,HTTPS Connection
286,2025-08-02T16:57:32.996188,192.168.1.198,102.115.149.237,22,TCP,512,3,SSH Connection
287,2025-08-02T16:43:37.996188,192.168.1.68,100.153.229.90,53,UDP,923,4,DNS Query
288,2025-08-02T16:51:55.996188,192.168.1.113,23.181.71.171,21,TCP,57818,268,FTP Transfer
289,2025-08-02T17:21:58.996188,192.168.1.31,122.124.70.152,53,UDP,190,13,DNS Query
290,2025-08-02T17:09:53.996188,192.168.1.199,18.220.136.116,443,TCP,1105,9,HTTPS Connection
291,2025-08-02T17:01:46.996188,192.168.1.23,48.64.93.125,53,UDP,1110,10,DNS Query
292,2025-08-02T17:05:12.996188,192.168.1.101,145.114.102.113,53,UDP,1219,1,DNS Query
293,2025-08-02T17:31:50.996188,192.168.1.20,14.33.140.198,25,TCP,824,8,SMTP Email
294,2025-08-02T16:36:03.996188,192.168.1.43,63.247.52.8,53,UDP,938,10,DNS Query
295,2025-08-02T16:52:16.996188,192.168.1.60,115.111.111.27,53,UDP,359,18,DNS Query
296,2025-08-02T16:34:31.996188,192.168.1.89,3.172.220.79,22,TCP,577,16,SSH Connection
297,2025-08-02T16:42:27.996188,192.168.1.47,155.160.151.65,53,UDP,334,13,DNS Query
298,2025-08-02T17:24:57.996188,192.168.1.124,119.224.14.1,80,TCP,758,5,HTTP Web Browsing
299,2025-08-02T17:05:08.996188,192.168.1.135,129.157.228.48,80,TCP,1317,15,HTTP Web Browsing
300,2025-08-02T16:36:34.996188,192.168.1.114,50.53.110.72,53,UDP,426,13,DNS Query
301,2025-08-02T16:35:59.996188,192.168.1.190,101.36.254.147,53,UDP,631,20,DNS Query
302,2025-08-02T16:58:23.996188,192.168.1.49,51.77.74.234,443,TCP,311,3,HTTPS Connection
303,2025-08-02T16:37:17.996188,192.168.1.100,28.92.80.52,53,UDP,534,14,DNS Query
304,2025-08-02T16:54:13.996188,192.168.1.126,211.202.43.15,25,TCP,379,20,SMTP Email
305,2025-08-02T17:15:28.996188,192.168.1.173,10.230.115.78,80,TCP,1354,16,HTTP Web Browsing
306,2025-08-02T17:20:20.996188,192.168.1.115,146.175.115.41,53,UDP,612,13,DNS Query
307,2025-08-02T17:22:03.996188,192.168.1.111,175.129.17.120,53,UDP,391,2,DNS Query
308,2025-08-02T17:02:15.996188,192.168.1.170,97.130.20.91,80,TCP,1413,16,HTTP Web Browsing
309,2025-08-02T17:12:00.996188,192.168.1.67,196.235.88.206,443,TCP,394,17,HTTPS Connection
310,2025-08-02T17:24:34.996188,192.168.1.96,48.20.37.208,443,TCP,897,5,HTTPS Connection
311,2025-08-02T16:32:27.996188,192.168.1.165,151.108.90.125,80,TCP,554,4,HTTP Web Browsing
312,2025-08-02T16:43:52.996188,192.168.1.81,81.3.209.161,53,UDP,1476,19,DNS Query
313,2025-08-02T16:58:06.996188,192.168.1.151,138.167.53.253,443,TCP,418,3,HTTPS Connection
314,2025-08-02T17:01:14.996188,192.168.1.33,41.18.105.188,443,TCP,1158,2,HTTPS Connection
315,2025-08-02T17:26:38.996188,192.168.1.106,36.214.213.226,443,TCP,1392,16,HTTPS Connection
316,2025-08-02T17:14:34.996188,192.168.1.163,56.248.23.122,53,UDP,214,18,DNS Query
317,2025-08-02T17:08:00.996188,192.168.1.10,41.4.165.117,21,TCP,343473,128,FTP Transfer
318,2025-08-02T17:00:29.996188,192.168.1.198,60.54.125.96,22,TCP,1318,14,SSH Connection
319,2025-08-02T16:42:53.996188,192.168.1.144,47.150.233.142,53,UDP,1107,10,DNS Query
320,2025-08-02T17:16:23.996188,192.168.1.52,26.78.243.98,22,TCP,340,16,SSH Connection
321,2025-08-02T17:05:37.996188,192.168.1.135,117.186.103.243,53,UDP,1144,16,DNS Query
322,2025-08-02T17:19:33.996188,192.168.1.100,169.125.59.245,443,TCP,635,17,HTTPS Connection
323,2025-08-02T17:30:33.996188,192.168.1.86,85.191.247.59,53,UDP,581,16,DNS Query
324,2025-08-02T17:14:46.996188,192.168.1.179,6.38.235.199,80,TCP,1221,9,HTTP Web Browsing
325,2025-08-02T17:31:32.996188,192.168.1.32,141.131.152.9,80,TCP,1199,12,HTTP Web Browsing
326,2025-08-02T16:48:44.996188,192.168.1.137,220.103.224.220,80,TCP,441,18,HTTP Web Browsing
327,2025-08-02T17:23:43.996188,192.168.1.11,185.121.254.58,53,UDP,1010,1,DNS Query
328,2025-08-02T17:11:42.996188,192.168.1.31,135.34.198.251,443,TCP,654,20,HTTPS Connection
329,2025-08-02T17:07:03.996188,192.168.1.97,35.144.75.38,80,TCP,76,1,HTTP Web Browsing
330,2025-08-02T17:01:26.996188,192.168.1.152,180.191.62.96,80,TCP,1080,4,HTTP Web Browsing
331,2025-08-02T17:03:58.996188,192.168.1.97,2.165.11.152,443,TCP,723,6,HTTPS Connection
332,2025-08-02T16:52:55.996188,192.168.1.96,84.118.82.42,80,TCP,497,8,HTTP Web Browsing
333,2025-08-02T17:27:57.996188,192.168.1.76,60.89.252.18,53,UDP,243,13,DNS Query
334,2025-08-02T16:36:11.996188,192.168.1.70,23.226.150.44,443,TCP,1111,1,HTTPS Connection
335,2025-08-02T17:23:57.996188,192.168.1.62,125.138.10.5,443,TCP,620,20,HTTPS Connection
336,2025-08-02T16:56:14.996188,192.168.1.119,179.7.50.158,53,UDP,1088,15,DNS Query
337,2025-08-02T17:03:20.996188,192.168.1.155,170.75.31.165,25,TCP,131,16,SMTP Email
338,2025-08-02T17:02:37.996188,192.168.1.41,60.159.5.249,53,UDP,1142,1,DNS Query
339,2025-08-02T17:23:41.996188,192.168.1.30,47.185.66.71,80,TCP,1255,16,HTTP Web Browsing
340,2025-08-02T16:42:48.996188,192.168.1.92,78.68.229.70,53,UDP,1208,14,DNS Query
341,2025-08-02T17:30:37.996188,192.168.1.136,156.97.55.91,53,UDP,1236,1,DNS Query
342,2025-08-02T17:28:39.996188,192.168.1.189,52.3.212.64,53,UDP,1372,15,DNS Query
343,2025-08-02T17:14:19.996188,192.168.1.39,100.102.42.27,53,UDP,108,4,DNS Query
344,2025-08-02T17:02:50.996188,192.168.1.169,157.231.255.130,53,UDP,997,17,DNS Query
345,2025-08-02T16:33:57.996188,192.168.1.199,44.99.67.42,53,UDP,63,19,DNS Query
346,2025-08-02T17:02:58.996188,192.168.1.190,49.94.152.231,53,UDP,434,5,DNS Query
347,2025-08-02T17:01:35.996188,192.168.1.103,54.182.71.129,22,TCP,1098,14,SSH Connection
348,2025-08-02T17:04:00.996188,192.168.1.124,55.90.92.2,53,UDP,109,3,DNS Query
349,2025-08-02T16:49:55.996188,192.168.1.82,211.123.46.208,443,TCP,759,14,HTTPS Connection
350,2025-08-02T16:49:11.996188,192.168.1.195,156.45.157.24,53,UDP,688,20,DNS Query
351,2025-08-02T16:41:30.996188,192.168.1.197,181.210.36.133,53,UDP,830,9,DNS Query
352,2025-08-02T16:52:41.996188,192.168.1.97,141.142.167.215,53,UDP,281,19,DNS Query
353,2025-08-02T17:06:53.996188,192.168.1.32,151.198.66.61,21,TCP,53888,387,FTP Transfer
354,2025-08-02T16:59:50.996188,192.168.1.193,212.78.188.179,53,UDP,109,12,DNS Query
355,2025-08-02T17:24:44.996188,192.168.1.59,31.66.59.231,21,TCP,211075,76,FTP Transfer
356,2025-08-02T16:38:11.996188,192.168.1.142,212.78.133.191,25,TCP,1462,9,SMTP Email
357,2025-08-02T17:17:07.996188,192.168.1.193,31.1.141.171,22,TCP,1219,2,SSH Connection
358,2025-08-02T17:18:58.996188,192.168.1.123,53.92.163.174,53,UDP,1011,1,DNS Query
359,2025-08-02T16:50:13.996188,192.168.1.58,179.240.208.145,53,UDP,1372,14,DNS Query
360,2025-08-02T17:14:53.996188,192.168.1.147,20.254.247.143,443,TCP,935,18,HTTPS Connection
361,2025-08-02T17:03:22.996188,192.168.1.152,134.151.16.86,443,TCP,139,3,HTTPS Connection
362,2025-08-02T16:56:23.996188,192.168.1.197,16.157.65.105,53,UDP,72,12,DNS Query
363,2025-08-02T17:16:17.996188,192.168.1.133,107.148.23.111,53,UDP,546,3,DNS Query
364,2025-08-02T16:34:58.996188,192.168.1.84,11.134.40.165,53,UDP,96,10,DNS Query
365,2025-08-02T17:08:32.996188,192.168.1.152,216.37.204.86,53,UDP,348,10,DNS Query
366,2025-08-02T17:01:18.996188,192.168.1.121,125.47.254.116,443,TCP,1164,10,HTTPS Connection
367,2025-08-02T16:36:10.996188,192.168.1.113,129.142.74.67,53,UDP,630,15,DNS Query
368,2025-08-02T17:04:54.996188,192.168.1.191,86.120.240.32,53,UDP,1106,11,DNS Query
369,2025-08-02T16:39:42.996188,192.168.1.68,125.138.5.42,53,UDP,1331,6,DNS Query
370,2025-08-02T17:28:07.996188,192.168.1.51,107.140.17.71,443,TCP,268,3,HTTPS Connection
371,2025-08-02T17:07:57.996188,192.168.1.109,41.102.141.13,53,UDP,379,19,DNS Query
372,2025-08-02T16:40:33.996188,192.168.1.178,24.26.251.144,80,TCP,487,2,HTTP Web Browsing
373,2025-08-02T16:59:20.996188,192.168.1.188,80.27.203.107,25,TCP,183,8,SMTP Email
374,2025-08-02T17:27:33.996188,192.168.1.20,10.191.57.252,53,UDP,1441,4,DNS Query
375,2025-08-02T17:27:41.996188,192.168.1.11,195.182.134.15,80,TCP,1154,8,HTTP Web Browsing
376,2025-08-02T17:08:41.996188,192.168.1.100,190.146.1.121,53,UDP,347,19,DNS Query
377,2025-08-02T16:52:19.996188,192.168.1.41,222.36.25.227,21,TCP,220459,256,FTP Transfer
378,2025-08-02T16:47:51.996188,192.168.1.61,199.214.63.216,443,TCP,1229,18,HTTPS Connection
379,2025-08-02T16:37:54.996188,192.168.1.27,156.51.54.146,53,UDP,1263,11,DNS Query
380,2025-08-02T16:51:23.996188,192.168.1.148,86.92.20.68,443,TCP,101,10,HTTPS Connection
381,2025-08-02T17:24:40.996188,192.168.1.63,148.141.163.216,53,UDP,255,17,DNS Query
382,2025-08-02T16:39:54.996188,192.168.1.129,211.238.7.39,53,UDP,393,11,DNS Query
383,2025-08-02T16:53:41.996188,192.168.1.101,56.163.218.7,53,UDP,198,4,DNS Query
384,2025-08-02T16:59:44.996188,192.168.1.193,122.25.24.40,443,TCP,665,8,HTTPS Connection
385,2025-08-02T16:33:07.996188,192.168.1.21,19.95.40.31,53,UDP,702,17,DNS Query
386,2025-08-02T17:17:52.996188,192.168.1.21,143.103.68.205,53,UDP,89,12,DNS Query
387,2025-08-02T17:16:05.996188,192.168.1.119,137.239.237.250,21,TCP,273068,406,FTP Transfer
388,2025-08-02T16:57:54.996188,192.168.1.131,81.153.58.125,21,TCP,176512,418,FTP Transfer
389,2025-08-02T17:00:23.996188,192.168.1.151,37.213.175.72,53,UDP,906,1,DNS Query
390,2025-08-02T17:29:40.996188,192.168.1.48,30.140.217.127,443,TCP,323,8,HTTPS Connection
391,2025-08-02T17:22:16.996188,192.168.1.43,202.138.112.77,80,TCP,1042,11,HTTP Web Browsing
392,2025-08-02T17:29:53.996188,192.168.1.153,77.89.151.156,53,UDP,1021,18,DNS Query
393,2025-08-02T16:58:29.996188,192.168.1.127,157.165.86.133,80,TCP,1475,7,HTTP Web Browsing
394,2025-08-02T17:08:21.996188,192.168.1.159,182.83.106.57,25,TCP,632,15,SMTP Email
395,2025-08-02T16:39:16.996188,192.168.1.176,84.246.196.146,443,TCP,108,4,HTTPS Connection
396,2025-08-02T17:22:18.996188,192.168.1.78,203.249.155.100,53,UDP,966,18,DNS Query
397,2025-08-02T16:49:41.996188,192.168.1.198,160.250.81.10,443,TCP,1241,18,HTTPS Connection
398,2025-08-02T16:56:02.996188,192.168.1.120,178.91.83.195,443,TCP,598,16,HTTPS Connection
399,2025-08-02T17:13:19.996188,192.168.1.28,52.50.216.4,53,UDP,176,7,DNS Query
400,2025-08-02T17:09:03.996188,192.168.1.73,203.204.159.118,443,TCP,242,4,HTTPS Connection
401,2025-08-02T16:37:30.996188,192.168.1.78,13.111.21.215,53,UDP,112,17,DNS Query
402,2025-08-02T16:57:32.996188,192.168.1.33,214.53.186.166,53,UDP,1231,9,DNS Query
403,2025-08-02T16:59:03.996188,192.168.1.69,98.238.111.187,443,TCP,324,19,HTTPS Connection
404,2025-08-02T16:39:58.996188,192.168.1.170,50.197.240.33,53,UDP,435,10,DNS Query
405,2025-08-02T16:36:54.996188,192.168.1.165,116.102.181.39,443,TCP,364,3,HTTPS Connection
406,2025-08-02T17:00:09.996188,192.168.1.137,109.205.153.250,53,UDP,768,19,DNS Query
407,2025-08-02T16:50:22.996188,192.168.1.171,118.186.107.154,443,TCP,1287,13,HTTPS Connection
408,2025-08-02T17:21:22.996188,192.168.1.120,100.165.124.249,80,TCP,85,10,HTTP Web Browsing
409,2025-08-02T16:33:32.996188,192.168.1.72,218.69.240.109,443,TCP,92,7,HTTPS Connection
410,2025-08-02T17:01:55.996188,192.168.1.197,93.167.65.244,53,UDP,746,11,DNS Query
411,2025-08-02T16:54:10.996188,192.168.1.179,160.156.47.62,53,UDP,1118,19,DNS Query
412,2025-08-02T17:09:44.996188,192.168.1.72,204.36.84.98,80,TCP,703,12,HTTP Web Browsing
413,2025-08-02T17:24:09.996188,192.168.1.117,58.99.70.200,80,TCP,123,20,HTTP Web Browsing
414,2025-08-02T17:30:26.996188,192.168.1.114,140.24.31.31,53,UDP,803,15,DNS Query
415,2025-08-02T16:38:30.996188,192.168.1.161,111.162.91.67,443,TCP,542,11,HTTPS Connection
416,2025-08-02T17:20:38.996188,192.168.1.140,87.237.12.120,53,UDP,702,11,DNS Query
417,2025-08-02T17:09:12.996188,192.168.1.75,48.160.89.219,53,UDP,1197,9,DNS Query
418,2025-08-02T17:15:18.996188,192.168.1.130,82.255.89.146,443,TCP,941,10,HTTPS Connection
419,2025-08-02T16:56:22.996188,192.168.1.80,121.183.138.165,53,UDP,932,18,DNS Query
420,2025-08-02T16:44:57.996188,192.168.1.23,157.55.1.92,443,TCP,355,16,HTTPS Connection
421,2025-08-02T17:01:28.996188,192.168.1.93,165.196.0.90,443,TCP,1435,9,HTTPS Connection
422,2025-08-02T17:17:11.996188,192.168.1.76,146.180.157.162,443,TCP,60,11,HTTPS Connection
423,2025-08-02T17:03:05.996188,192.168.1.117,96.76.28.241,53,UDP,176,18,DNS Query
424,2025-08-02T17:09:25.996188,192.168.1.146,55.198.252.226,53,UDP,662,16,DNS Query
425,2025-08-02T16:40:14.996188,192.168.1.99,45.130.216.192,80,TCP,1202,9,HTTP Web Browsing
426,2025-08-02T17:06:53.996188,192.168.1.94,174.155.245.24,443,TCP,1280,14,HTTPS Connection
427,2025-08-02T17:29:05.996188,192.168.1.196,130.223.150.80,21,TCP,440512,221,FTP Transfer
428,2025-08-02T17:20:46.996188,192.168.1.109,30.176.7.212,80,TCP,720,19,HTTP Web Browsing
429,2025-08-02T16:57:10.996188,192.168.1.188,120.205.181.50,53,UDP,159,20,DNS Query
430,2025-08-02T16:44:55.996188,192.168.1.27,222.230.103.111,53,UDP,595,14,DNS Query
431,2025-08-02T16:40:56.996188,192.168.1.59,60.88.123.125,21,TCP,307016,213,FTP Transfer
432,2025-08-02T17:23:29.996188,192.168.1.156,189.218.252.124,53,UDP,680,8,DNS Query
433,2025-08-02T17:01:58.996188,192.168.1.71,129.196.137.232,80,TCP,806,10,HTTP Web Browsing
434,2025-08-02T16:52:46.996188,192.168.1.158,141.86.47.48,53,UDP,1460,18,DNS Query
435,2025-08-02T16:50:39.996188,192.168.1.155,171.174.96.28,25,TCP,1438,3,SMTP Email
436,2025-08-02T16:52:17.996188,192.168.1.136,37.205.74.91,53,UDP,268,20,DNS Query
437,2025-08-02T17:00:02.996188,192.168.1.94,197.102.143.153,443,TCP,1480,15,HTTPS Connection
438,2025-08-02T17:22:00.996188,192.168.1.186,137.21.179.238,443,TCP,1150,12,HTTPS Connection
439,2025-08-02T17:06:47.996188,192.168.1.65,47.10.10.15,443,TCP,1191,13,HTTPS Connection
440,2025-08-02T17:02:59.996188,192.168.1.186,151.209.120.28,53,UDP,1277,19,DNS Query
441,2025-08-02T17:22:31.996188,192.168.1.199,28.249.177.126,443,TCP,1338,10,HTTPS Connection
442,2025-08-02T16:49:57.996188,192.168.1.86,221.37.172.182,443,TCP,1395,5,HTTPS Connection
443,2025-08-02T17:00:44.996188,192.168.1.148,120.251.45.212,25,TCP,798,20,SMTP Email
444,2025-08-02T17:16:36.996188,192.168.1.37,72.145.65.214,443,TCP,1359,15,HTTPS Connection
445,2025-08-02T17:31:32.996188,192.168.1.90,42.119.97.10,80,TCP,785,20,HTTP Web Browsing
446,2025-08-02T17:28:48.996188,192.168.1.32,38.130.26.45,53,UDP,184,1,DNS Query
447,2025-08-02T17:04:34.996188,192.168.1.98,97.147.171.246,53,UDP,1446,9,DNS Query
448,2025-08-02T16:44:44.996188,192.168.1.178,52.29.157.158,53,UDP,756,2,DNS Query
449,2025-08-02T16:41:54.996188,192.168.1.149,106.121.156.5,25,TCP,678,17,SMTP Email
450,2025-08-02T16:39:40.996188,192.168.1.37,68.111.159.79,80,TCP,1252,15,HTTP Web Browsing
451,2025-08-02T17:30:05.996188,192.168.1.60,59.78.165.145,80,TCP,1436,4,HTTP Web Browsing
452,2025-08-02T16:45:56.996188,192.168.1.173,68.221.66.47,443,TCP,626,3,HTTPS Connection
453,2025-08-02T16:34:41.996188,192.168.1.181,32.234.141.177,53,UDP,507,2,DNS Query
454,2025-08-02T16:52:09.996188,192.168.1.117,188.71.197.207,53,UDP,159,5,DNS Query
455,2025-08-02T17:08:31.996188,192.168.1.43,54.18.166.7,25,TCP,650,3,SMTP Email
456,2025-08-02T17:06:23.996188,192.168.1.96,197.39.96.190,80,TCP,1299,14,HTTP Web Browsing
457,2025-08-02T16:47:30.996188,192.168.1.40,164.35.30.87,53,UDP,1486,15,DNS Query
458,2025-08-02T16:47:18.996188,192.168.1.77,36.128.242.62,80,TCP,757,20,HTTP Web Browsing
459,2025-08-02T16:40:00.996188,192.168.1.39,161.50.162.107,21,TCP,264792,240,FTP Transfer
460,2025-08-02T17:25:11.996188,192.168.1.152,8.28.223.158,443,TCP,456,1,HTTPS Connection
461,2025-08-02T16:58:36.996188,192.168.1.25,83.12.158.91,80,TCP,1332,5,HTTP Web Browsing
462,2025-08-02T16:58:03.996188,192.168.1.137,189.52.117.54,443,TCP,841,11,HTTPS Connection
463,2025-08-02T17:14:31.996188,192.168.1.79,106.78.12.191,53,UDP,1195,18,DNS Query
464,2025-08-02T17:24:05.996188,192.168.1.121,48.126.82.139,443,TCP,438,1,HTTPS Connection
465,2025-08-02T17:07:04.996188,192.168.1.12,23.45.31.207,80,TCP,454,3,HTTP Web Browsing
466,2025-08-02T16:33:34.996188,192.168.1.133,197.252.126.71,443,TCP,1378,18,HTTPS Connection
467,2025-08-02T17:01:05.996188,192.168.1.48,76.233.56.201,80,TCP,1288,7,HTTP Web Browsing
468,2025-08-02T16:53:22.996188,192.168.1.72,169.190.249.182,53,UDP,663,8,DNS Query
469,2025-08-02T16:54:48.996188,192.168.1.77,191.109.84.238,53,UDP,847,13,DNS Query
470,2025-08-02T17:05:06.996188,192.168.1.108,94.188.248.137,443,TCP,1273,13,HTTPS Connection
471,2025-08-02T16:52:57.996188,192.168.1.45,100.245.15.142,53,UDP,1159,18,DNS Query
472,2025-08-02T16:55:10.996188,192.168.1.180,30.165.242.219,443,TCP,1298,20,HTTPS Connection
473,2025-08-02T17:27:09.996188,192.168.1.135,157.150.102.175,443,TCP,290,4,HTTPS Connection
474,2025-08-02T16:46:03.996188,192.168.1.157,123.200.61.56,80,TCP,309,18,HTTP Web Browsing
475,2025-08-02T16:51:50.996188,192.168.1.116,37.111.227.179,53,UDP,587,1,DNS Query
476,2025-08-02T16:35:47.996188,192.168.1.165,163.66.182.231,25,TCP,72,2,SMTP Email
477,2025-08-02T17:06:17.996188,192.168.1.112,184.248.179.52,443,TCP,1027,1,HTTPS Connection
478,2025-08-02T17:20:20.996188,192.168.1.112,124.239.171.2,53,UDP,1261,5,DNS Query
479,2025-08-02T16:42:34.996188,192.168.1.194,219.251.122.171,53,UDP,639,5,DNS Query
480,2025-08-02T17:28:00.996188,192.168.1.156,100.179.162.33,443,TCP,1038,10,HTTPS Connection
481,2025-08-02T16:58:23.996188,192.168.1.198,73.227.219.53,25,TCP,928,7,SMTP Email
482,2025-08-02T17:28:22.996188,192.168.1.132,182.111.51.155,53,UDP,752,9,DNS Query
483,2025-08-02T17:02:44.996188,192.168.1.192,47.68.149.203,443,TCP,779,10,HTTPS Connection
484,2025-08-02T16:45:02.996188,192.168.1.137,148.12.56.221,80,TCP,741,9,HTTP Web Browsing
485,2025-08-02T17:04:54.996188,192.168.1.200,54.9.132.4,53,UDP,654,19,DNS Query
486,2025-08-02T16:59:29.996188,192.168.1.25,213.49.120.239,22,TCP,1354,15,SSH Connection
487,2025-08-02T17:20:15.996188,192.168.1.135,151.100.37.38,21,TCP,291822,490,FTP Transfer
488,2025-08-02T17:11:06.996188,192.168.1.20,12.228.251.104,443,TCP,282,8,HTTPS Connection
489,2025-08-02T17:14:26.996188,192.168.1.77,20.154.133.132,22,TCP,1119,13,SSH Connection
490,2025-08-02T17:17:40.996188,192.168.1.67,44.168.39.60,443,TCP,1251,1,HTTPS Connection
491,2025-08-02T16:43:56.996188,192.168.1.180,158.152.202.60,443,TCP,784,19,HTTPS Connection
492,2025-08-02T16:39:42.996188,192.168.1.113,153.250.140.228,80,TCP,855,13,HTTP Web Browsing
493,2025-08-02T17:14:31.996188,192.168.1.116,50.220.98.32,443,TCP,313,4,HTTPS Connection
494,2025-08-02T17:04:08.996188,192.168.1.93,85.245.246.163,53,UDP,1168,5,DNS Query
495,2025-08-02T17:01:57.996188,192.168.1.123,53.84.107.19,443,TCP,444,6,HTTPS Connection
496,2025-08-02T16:38:06.996188,192.168.1.170,121.156.105.47,80,TCP,1000,11,HTTP Web Browsing
497,2025-08-02T16:42:23.996188,192.168.1.170,29.245.70.193,25,TCP,97,18,SMTP Email
498,2025-08-02T17:16:54.996188,192.168.1.72,148.35.51.39,25,TCP,1334,7,SMTP Email
499,2025-08-02T16:43:42.996188,192.168.1.199,15.103.252.112,80,TCP,1221,16,HTTP Web Browsing
500,2025-08-02T17:20:10.996188,192.168.1.155,69.243.102.89,443,TCP,609,10,HTTPS Connection
501,2025-08-02T16:44:14.996188,192.168.1.23,45.54.32.13,25,TCP,578,13,SMTP Email
502,2025-08-02T16:50:09.996188,192.168.1.75,47.227.6.188,53,UDP,561,7,DNS Query
503,2025-08-02T16:57:58.996188,192.168.1.39,99.80.231.55,53,UDP,1218,6,DNS Query
504,2025-08-02T17:27:36.996188,192.168.1.191,1.234.99.235,443,TCP,715,20,HTTPS Connection
505,2025-08-02T17:25:00.996188,192.168.1.161,11.176.57.86,25,TCP,166,18,SMTP Email
506,2025-08-02T16:41:07.996188,192.168.1.165,43.219.68.251,443,TCP,908,8,HTTPS Connection
507,2025-08-02T17:23:17.996188,192.168.1.52,221.92.190.118,21,TCP,62818,348,FTP Transfer
508,2025-08-02T17:02:29.996188,192.168.1.79,56.133.23.99,53,UDP,1300,11,DNS Query
509,2025-08-02T17:14:03.996188,192.168.1.105,175.20.29.149,53,UDP,957,4,DNS Query
510,2025-08-02T16:41:31.996188,192.168.1.27,9.72.114.15,443,TCP,1469,4,HTTPS Connection
511,2025-08-02T17:23:51.996188,192.168.1.194,116.144.46.153,53,UDP,458,15,DNS Query
512,2025-08-02T17:27:28.996188,192.168.1.29,215.128.59.81,53,UDP,595,7,DNS Query
513,2025-08-02T17:01:18.996188,192.168.1.154,122.209.227.44,53,UDP,549,16,DNS Query
514,2025-08-02T17:27:53.996188,192.168.1.41,45.160.167.21,53,UDP,71,8,DNS Query
515,2025-08-02T17:05:53.996188,192.168.1.197,169.162.33.9,443,TCP,1187,6,HTTPS Connection
516,2025-08-02T16:43:16.996188,192.168.1.155,126.50.144.31,53,UDP,1087,9,DNS Query
517,2025-08-02T16:49:32.996188,192.168.1.154,20.161.27.236,53,UDP,344,11,DNS Query
518,2025-08-02T16:39:19.996188,192.168.1.133,186.40.220.155,443,TCP,703,18,HTTPS Connection
519,2025-08-02T17:09:48.996188,192.168.1.127,108.158.150.202,25,TCP,547,2,SMTP Email
520,2025-08-02T17:15:16.996188,192.168.1.25,75.235.182.110,53,UDP,470,8,DNS Query
521,2025-08-02T17:29:04.996188,192.168.1.19,42.80.132.161,53,UDP,75,17,DNS Query
522,2025-08-02T17:07:10.996188,192.168.1.60,62.90.145.68,53,UDP,1197,20,DNS Query
523,2025-08-02T16:44:53.996188,192.168.1.174,15.240.133.93,53,UDP,951,10,DNS Query
524,2025-08-02T17:20:10.996188,192.168.1.64,222.244.232.249,443,TCP,199,18,HTTPS Connection
525,2025-08-02T16:49:53.996188,192.168.1.108,1.253.157.249,53,UDP,1042,15,DNS Query
526,2025-08-02T17:09:23.996188,192.168.1.89,90.112.250.161,22,TCP,637,16,SSH Connection
527,2025-08-02T16:41:01.996188,192.168.1.192,23.30.125.40,22,TCP,301,8,SSH Connection
528,2025-08-02T17:24:51.996188,192.168.1.42,45.157.248.137,80,TCP,263,4,HTTP Web Browsing
529,2025-08-02T17:02:41.996188,192.168.1.16,75.239.10.230,53,UDP,924,1,DNS Query
530,2025-08-02T17:20:39.996188,192.168.1.33,138.157.23.250,80,TCP,1320,9,HTTP Web Browsing
531,2025-08-02T17:02:36.996188,192.168.1.45,27.124.153.140,53,UDP,1228,3,DNS Query
532,2025-08-02T16:54:56.996188,192.168.1.93,165.217.13.152,80,TCP,252,5,HTTP Web Browsing
533,2025-08-02T17:13:34.996188,192.168.1.102,192.75.17.193,53,UDP,530,7,DNS Query
534,2025-08-02T16:39:07.996188,192.168.1.145,179.94.29.47,53,UDP,1010,12,DNS Query
535,2025-08-02T17:29:34.996188,192.168.1.85,146.78.116.44,53,UDP,659,2,DNS Query
536,2025-08-02T17:05:37.996188,192.168.1.10,132.223.235.1,53,UDP,1035,10,DNS Query
537,2025-08-02T16:53:37.996188,192.168.1.108,127.32.127.224,80,TCP,357,11,HTTP Web Browsing
538,2025-08-02T17:16:31.996188,192.168.1.172,114.52.27.129,25,TCP,1378,18,SMTP Email
539,2025-08-02T17:30:49.996188,192.168.1.141,90.228.26.168,53,UDP,1386,18,DNS Query
540,2025-08-02T17:25:56.996188,192.168.1.164,31.122.138.233,443,TCP,498,1,HTTPS Connection
541,2025-08-02T16:47:34.996188,192.168.1.140,52.150.31.18,53,UDP,1058,13,DNS Query
542,2025-08-02T16:37:40.996188,192.168.1.134,100.240.25.23,80,TCP,260,13,HTTP Web Browsing
543,2025-08-02T17:22:42.996188,192.168.1.40,210.131.145.149,53,UDP,1293,18,DNS Query
544,2025-08-02T17:30:11.996188,192.168.1.69,202.193.212.35,53,UDP,773,18,DNS Query
545,2025-08-02T17:04:12.996188,192.168.1.79,49.66.211.27,80,TCP,787,9,HTTP Web Browsing
546,2025-08-02T16:42:28.996188,192.168.1.191,69.83.250.140,22,TCP,228,12,SSH Connection
547,2025-08-02T16:45:33.996188,192.168.1.36,139.233.69.111,80,TCP,740,15,HTTP Web Browsing
548,2025-08-02T17:28:23.996188,192.168.1.24,64.139.211.7,443,TCP,627,9,HTTPS Connection
549,2025-08-02T17:23:14.996188,192.168.1.152,159.174.242.71,53,UDP,163,2,DNS Query
550,2025-08-02T17:07:57.996188,192.168.1.15,12.37.218.95,80,TCP,979,9,HTTP Web Browsing
551,2025-08-02T17:14:11.996188,192.168.1.83,169.141.90.52,53,UDP,564,13,DNS Query
552,2025-08-02T16:38:30.996188,192.168.1.51,199.183.12.91,80,TCP,526,2,HTTP Web Browsing
553,2025-08-02T16:40:22.996188,192.168.1.76,181.3.38.145,443,TCP,1064,15,HTTPS Connection
554,2025-08-02T16:32:48.996188,192.168.1.57,59.34.34.69,53,UDP,1288,14,DNS Query
555,2025-08-02T16:59:04.996188,192.168.1.183,201.20.178.38,22,TCP,518,1,SSH Connection
556,2025-08-02T17:31:56.996188,192.168.1.99,6.132.14.140,53,UDP,469,3,DNS Query
557,2025-08-02T17:14:15.996188,192.168.1.131,176.22.183.244,25,TCP,633,15,SMTP Email
558,2025-08-02T17:19:41.996188,192.168.1.86,99.216.111.106,25,TCP,1050,8,SMTP Email
559,2025-08-02T16:42:32.996188,192.168.1.36,15.250.138.117,80,TCP,503,6,HTTP Web Browsing
560,2025-08-02T16:46:25.996188,192.168.1.110,163.4.113.158,443,TCP,760,4,HTTPS Connection
561,2025-08-02T16:41:15.996188,192.168.1.72,103.179.160.185,25,TCP,702,20,SMTP Email
562,2025-08-02T17:14:26.996188,192.168.1.88,102.49.250.245,53,UDP,974,14,DNS Query
563,2025-08-02T17:20:00.996188,192.168.1.81,176.128.156.242,53,UDP,1077,15,DNS Query
564,2025-08-02T17:19:37.996188,192.168.1.104,87.245.184.244,80,TCP,1114,7,HTTP Web Browsing
565,2025-08-02T17:05:11.996188,192.168.1.104,193.119.161.121,53,UDP,91,5,DNS Query
566,2025-08-02T17:18:13.996188,192.168.1.69,118.13.38.167,443,TCP,764,16,HTTPS Connection
567,2025-08-02T17:10:02.996188,192.168.1.28,146.195.153.112,53,UDP,1060,2,DNS Query
568,2025-08-02T16:43:29.996188,192.168.1.146,19.11.179.71,443,TCP,109,8,HTTPS Connection
569,2025-08-02T16:42:21.996188,192.168.1.196,69.188.19.108,443,TCP,1161,8,HTTPS Connection
570,2025-08-02T16:38:13.996188,192.168.1.155,104.93.173.50,443,TCP,1112,1,HTTPS Connection
571,2025-08-02T16:33:44.996188,192.168.1.20,9.182.253.83,22,TCP,606,6,SSH Connection
572,2025-08-02T17:10:35.996188,192.168.1.52,18.71.235.35,25,TCP,67,17,SMTP Email
573,2025-08-02T16:32:19.996188,192.168.1.68,54.120.180.187,443,TCP,1371,5,HTTPS Connection
574,2025-08-02T17:12:15.996188,192.168.1.70,43.175.243.26,53,UDP,1178,8,DNS Query
575,2025-08-02T16:40:34.996188,192.168.1.102,207.105.233.133,21,TCP,35219,223,FTP Transfer
576,2025-08-02T17:15:00.996188,192.168.1.199,103.241.39.156,53,UDP,1207,16,DNS Query
577,2025-08-02T16:45:42.996188,192.168.1.192,41.125.20.189,53,UDP,884,11,DNS Query
578,2025-08-02T16:47:52.996188,192.168.1.36,205.41.66.218,443,TCP,620,16,HTTPS Connection
579,2025-08-02T16:55:57.996188,192.168.1.168,44.246.169.235,53,UDP,1097,5,DNS Query
580,2025-08-02T16:39:04.996188,192.168.1.163,145.96.154.130,80,TCP,1337,17,HTTP Web Browsing
581,2025-08-02T16:45:07.996188,192.168.1.96,112.49.37.161,53,UDP,1394,7,DNS Query
582,2025-08-02T16:31:58.996188,192.168.1.124,35.180.10.43,443,TCP,647,13,HTTPS Connection
583,2025-08-02T17:16:21.996188,192.168.1.32,42.39.96.108,443,TCP,988,10,HTTPS Connection
584,2025-08-02T17:21:52.996188,192.168.1.105,220.182.106.241,53,UDP,899,17,DNS Query
585,2025-08-02T16:36:35.996188,192.168.1.200,34.73.13.68,53,UDP,1032,20,DNS Query
586,2025-08-02T17:21:37.996188,192.168.1.139,46.142.167.88,25,TCP,988,13,SMTP Email
587,2025-08-02T16:34:04.996188,192.168.1.141,130.231.181.134,53,UDP,1234,1,DNS Query
588,2025-08-02T17:15:50.996188,192.168.1.53,47.74.254.79,22,TCP,1091,2,SSH Connection
589,2025-08-02T17:11:11.996188,192.168.1.52,36.80.87.53,25,TCP,531,9,SMTP Email
590,2025-08-02T16:38:40.996188,192.168.1.82,178.169.139.62,53,UDP,303,16,DNS Query
591,2025-08-02T17:26:25.996188,192.168.1.149,61.164.253.40,443,TCP,540,14,HTTPS Connection
592,2025-08-02T16:44:20.996188,192.168.1.115,195.230.163.84,443,TCP,223,8,HTTPS Connection
593,2025-08-02T16:41:35.996188,192.168.1.19,151.239.30.35,53,UDP,460,4,DNS Query
594,2025-08-02T16:45:43.996188,192.168.1.112,186.133.195.228,53,UDP,500,4,DNS Query
595,2025-08-02T17:09:24.996188,192.168.1.89,208.184.56.172,53,UDP,1072,20,DNS Query
596,2025-08-02T16:42:06.996188,192.168.1.155,170.40.162.241,22,TCP,442,16,SSH Connection
597,2025-08-02T16:52:47.996188,192.168.1.200,88.34.21.83,443,TCP,1275,8,HTTPS Connection
598,2025-08-02T16:50:12.996188,192.168.1.80,4.215.45.153,443,TCP,315,5,HTTPS Connection
599,2025-08-02T16:45:17.996188,192.168.1.148,59.254.219.223,53,UDP,1190,16,DNS Query
600,2025-08-02T16:39:35.996188,192.168.1.57,203.31.166.56,21,TCP,272945,274,FTP Transfer
601,2025-08-02T16:44:16.996188,192.168.1.62,75.172.177.149,53,UDP,623,3,DNS Query
602,2025-08-02T16:57:11.996188,192.168.1.34,222.17.254.5,53,UDP,1203,16,DNS Query
603,2025-08-02T17:24:55.996188,192.168.1.65,222.0.142.180,443,TCP,328,2,HTTPS Connection
604,2025-08-02T16:42:33.996188,192.168.1.109,68.229.164.4,53,UDP,1452,14,DNS Query
605,2025-08-02T16:52:18.996188,192.168.1.60,181.21.202.57,443,TCP,554,12,HTTPS Connection
606,2025-08-02T17:09:42.996188,192.168.1.17,198.80.147.28,53,UDP,516,6,DNS Query
607,2025-08-02T17:05:34.996188,192.168.1.106,13.155.188.22,53,UDP,784,9,DNS Query
608,2025-08-02T16:51:16.996188,192.168.1.57,117.194.169.16,80,TCP,462,20,HTTP Web Browsing
609,2025-08-02T17:15:24.996188,192.168.1.147,102.221.210.39,443,TCP,1261,16,HTTPS Connection
610,2025-08-02T17:10:23.996188,192.168.1.107,78.177.94.192,443,TCP,724,13,HTTPS Connection
611,2025-08-02T17:02:51.996188,192.168.1.187,57.219.89.160,443,TCP,816,12,HTTPS Connection
612,2025-08-02T17:15:36.996188,192.168.1.187,177.27.131.229,53,UDP,393,13,DNS Query
613,2025-08-02T17:00:07.996188,192.168.1.145,97.88.63.101,443,TCP,773,10,HTTPS Connection
614,2025-08-02T17:12:54.996188,192.168.1.54,66.92.17.104,443,TCP,1467,6,HTTPS Connection
615,2025-08-02T17:15:16.996188,192.168.1.68,173.131.205.59,443,TCP,88,18,HTTPS Connection
616,2025-08-02T16:33:41.996188,192.168.1.63,114.153.11.37,22,TCP,342,9,SSH Connection
617,2025-08-02T16:51:27.996188,192.168.1.175,128.54.118.81,443,TCP,153,13,HTTPS Connection
618,2025-08-02T17:26:39.996188,192.168.1.80,45.3.94.183,53,UDP,1449,4,DNS Query
619,2025-08-02T17:02:19.996188,192.168.1.174,155.133.252.111,443,TCP,577,12,HTTPS Connection
620,2025-08-02T17:31:09.996188,192.168.1.166,107.139.34.53,80,TCP,1236,10,HTTP Web Browsing
621,2025-08-02T17:28:07.996188,192.168.1.41,98.33.93.168,80,TCP,387,2,HTTP Web Browsing
622,2025-08-02T16:50:05.996188,192.168.1.100,111.125.249.83,53,UDP,431,1,DNS Query
623,2025-08-02T16:50:14.996188,192.168.1.106,117.178.194.79,53,UDP,1009,2,DNS Query
624,2025-08-02T17:22:32.996188,192.168.1.64,111.59.141.128,53,UDP,693,17,DNS Query
625,2025-08-02T17:10:50.996188,192.168.1.76,195.239.249.76,53,UDP,301,3,DNS Query
626,2025-08-02T17:03:45.996188,192.168.1.74,86.116.188.4,21,TCP,67286,470,FTP Transfer
627,2025-08-02T16:40:23.996188,192.168.1.19,40.65.2.93,53,UDP,424,11,DNS Query
628,2025-08-02T17:09:06.996188,192.168.1.119,1.92.17.74,80,TCP,728,7,HTTP Web Browsing
629,2025-08-02T16:54:39.996188,192.168.1.88,54.234.179.43,80,TCP,826,14,HTTP Web Browsing
630,2025-08-02T16:52:02.996188,192.168.1.185,167.122.196.136,443,TCP,1173,14,HTTPS Connection
631,2025-08-02T16:45:12.996188,192.168.1.131,75.129.136.193,22,TCP,117,5,SSH Connection
632,2025-08-02T16:41:10.996188,192.168.1.175,210.169.201.84,53,UDP,682,20,DNS Query
633,2025-08-02T17:20:45.996188,192.168.1.199,93.69.124.158,25,TCP,1124,3,SMTP Email
634,2025-08-02T16:52:50.996188,192.168.1.86,87.47.162.182,443,TCP,1167,20,HTTPS Connection
635,2025-08-02T17:12:57.996188,192.168.1.64,146.141.156.177,53,UDP,1480,20,DNS Query
636,2025-08-02T16:34:37.996188,192.168.1.21,154.149.81.133,53,UDP,297,10,DNS Query
637,2025-08-02T16:54:16.996188,192.168.1.108,180.161.104.89,80,TCP,179,11,HTTP Web Browsing
638,2025-08-02T17:03:25.996188,192.168.1.114,104.2.26.8,443,TCP,506,11,HTTPS Connection
639,2025-08-02T16:55:02.996188,192.168.1.108,19.11.45.75,443,TCP,1190,8,HTTPS Connection
640,2025-08-02T17:07:16.996188,192.168.1.118,169.22.226.203,80,TCP,440,1,HTTP Web Browsing
641,2025-08-02T16:48:32.996188,192.168.1.26,208.9.65.198,25,TCP,1345,2,SMTP Email
642,2025-08-02T17:22:33.996188,192.168.1.105,223.34.142.130,53,UDP,1418,2,DNS Query
643,2025-08-02T17:01:55.996188,192.168.1.68,81.88.75.87,443,TCP,759,1,HTTPS Connection
644,2025-08-02T17:09:47.996188,192.168.1.112,75.132.219.67,53,UDP,278,11,DNS Query
645,2025-08-02T16:46:41.996188,192.168.1.94,134.53.140.77,53,UDP,828,15,DNS Query
646,2025-08-02T16:39:24.996188,192.168.1.114,1.130.42.34,80,TCP,1077,12,HTTP Web Browsing
647,2025-08-02T16:42:43.996188,192.168.1.111,47.30.24.237,22,TCP,1450,3,SSH Connection
648,2025-08-02T17:24:49.996188,192.168.1.94,192.250.58.135,21,TCP,162065,153,FTP Transfer
649,2025-08-02T16:52:55.996188,192.168.1.147,185.203.225.133,80,TCP,1325,17,HTTP Web Browsing
650,2025-08-02T17:02:03.996188,192.168.1.48,108.42.250.186,80,TCP,1335,9,HTTP Web Browsing
651,2025-08-02T16:41:04.996188,192.168.1.66,92.24.244.165,443,TCP,647,9,HTTPS Connection
652,2025-08-02T16:47:00.996188,192.168.1.142,161.38.0.40,25,TCP,856,5,SMTP Email
653,2025-08-02T17:00:18.996188,192.168.1.170,177.70.119.189,80,TCP,197,15,HTTP Web Browsing
654,2025-08-02T16:51:02.996188,192.168.1.166,221.101.4.41,443,TCP,312,1,HTTPS Connection
655,2025-08-02T17:05:39.996188,192.168.1.13,162.220.229.97,443,TCP,1389,15,HTTPS Connection
656,2025-08-02T16:41:28.996188,192.168.1.110,106.123.106.31,22,TCP,222,19,SSH Connection
657,2025-08-02T17:16:53.996188,192.168.1.78,87.164.238.164,443,TCP,1187,2,HTTPS Connection
658,2025-08-02T16:34:33.996188,192.168.1.73,112.197.127.41,53,UDP,626,14,DNS Query
659,2025-08-02T17:11:13.996188,192.168.1.172,140.37.158.85,25,TCP,1043,3,SMTP Email
660,2025-08-02T17:17:44.996188,192.168.1.84,6.9.215.221,80,TCP,1119,18,HTTP Web Browsing
661,2025-08-02T16:33:14.996188,192.168.1.105,193.40.29.156,80,TCP,476,12,HTTP Web Browsing
662,2025-08-02T17:00:15.996188,192.168.1.152,124.63.198.230,80,TCP,635,5,HTTP Web Browsing
663,2025-08-02T17:25:24.996188,192.168.1.45,27.225.78.99,53,UDP,859,7,DNS Query
664,2025-08-02T17:04:04.996188,192.168.1.175,106.160.205.110,22,TCP,732,14,SSH Connection
665,2025-08-02T17:09:36.996188,192.168.1.153,136.106.66.47,53,UDP,1391,4,DNS Query
666,2025-08-02T16:55:16.996188,192.168.1.58,49.173.70.10,443,TCP,929,14,HTTPS Connection
667,2025-08-02T17:28:40.996188,192.168.1.97,179.209.79.41,443,TCP,414,7,HTTPS Connection
668,2025-08-02T16:46:44.996188,192.168.1.187,214.193.188.170,443,TCP,976,18,HTTPS Connection
669,2025-08-02T17:29:14.996188,192.168.1.92,203.33.120.132,443,TCP,1008,9,HTTPS Connection
670,2025-08-02T17:07:28.996188,192.168.1.145,197.249.139.93,53,UDP,1219,11,DNS Query
671,2025-08-02T16:41:22.996188,192.168.1.107,205.116.52.43,53,UDP,128,8,DNS Query
672,2025-08-02T17:16:26.996188,192.168.1.168,80.179.197.28,53,UDP,456,20,DNS Query
673,2025-08-02T17:08:30.996188,192.168.1.94,86.125.130.175,443,TCP,618,14,HTTPS Connection
674,2025-08-02T16:43:01.996188,192.168.1.28,33.27.196.108,53,UDP,67,16,DNS Query
675,2025-08-02T17:17:36.996188,192.168.1.37,98.110.6.51,53,UDP,139,2,DNS Query
676,2025-08-02T17:02:25.996188,192.168.1.50,105.84.122.118,80,TCP,555,11,HTTP Web Browsing
677,2025-08-02T17:07:45.996188,192.168.1.172,44.18.16.31,443,TCP,808,13,HTTPS Connection
678,2025-08-02T17:25:02.996188,192.168.1.56,221.227.197.151,443,TCP,1259,14,HTTPS Connection
679,2025-08-02T16:36:35.996188,192.168.1.126,11.150.52.6,443,TCP,219,5,HTTPS Connection
680,2025-08-02T17:09:13.996188,192.168.1.86,217.203.102.222,53,UDP,317,8,DNS Query
681,2025-08-02T17:05:46.996188,192.168.1.167,20.11.11.202,443,TCP,800,5,HTTPS Connection
682,2025-08-02T16:55:15.996188,192.168.1.98,200.98.3.19,443,TCP,1452,15,HTTPS Connection
683,2025-08-02T16:59:04.996188,192.168.1.200,39.180.113.12,53,UDP,1412,1,DNS Query
684,2025-08-02T16:54:14.996188,192.168.1.193,91.89.9.111,80,TCP,146,17,HTTP Web Browsing
685,2025-08-02T17:15:17.996188,192.168.1.74,132.123.32.206,53,UDP,1232,10,DNS Query
686,2025-08-02T16:35:54.996188,192.168.1.122,88.11.250.253,80,TCP,1140,12,HTTP Web Browsing
687,2025-08-02T16:43:55.996188,192.168.1.96,71.151.51.195,80,TCP,167,11,HTTP Web Browsing
688,2025-08-02T17:08:04.996188,192.168.1.175,203.95.91.130,25,TCP,1234,10,SMTP Email
689,2025-08-02T17:30:10.996188,192.168.1.129,191.55.149.59,80,TCP,1146,15,HTTP Web Browsing
690,2025-08-02T17:09:13.996188,192.168.1.168,173.24.31.140,443,TCP,1180,17,HTTPS Connection
691,2025-08-02T16:54:35.996188,192.168.1.38,87.48.230.27,53,UDP,322,20,DNS Query
692,2025-08-02T17:19:44.996188,192.168.1.142,214.235.81.190,443,TCP,1238,19,HTTPS Connection
693,2025-08-02T16:41:41.996188,192.168.1.163,119.14.126.65,53,UDP,1381,5,DNS Query
694,2025-08-02T16:37:22.996188,192.168.1.63,128.186.114.250,25,TCP,682,11,SMTP Email
695,2025-08-02T16:35:06.996188,192.168.1.93,117.59.171.133,53,UDP,964,19,DNS Query
696,2025-08-02T17:25:45.996188,192.168.1.156,148.229.163.48,25,TCP,1063,5,SMTP Email
697,2025-08-02T17:25:54.996188,192.168.1.83,194.230.185.252,443,TCP,540,10,HTTPS Connection
698,2025-08-02T17:04:42.996188,192.168.1.146,80.57.16.29,53,UDP,1268,8,DNS Query
699,2025-08-02T17:13:07.996188,192.168.1.182,124.176.157.77,53,UDP,1256,7,DNS Query
700,2025-08-02T17:17:24.996188,192.168.1.85,4.25.11.217,53,UDP,663,17,DNS Query
701,2025-08-02T17:06:23.996188,192.168.1.149,214.61.182.155,80,TCP,1316,3,HTTP Web Browsing
702,2025-08-02T17:26:51.996188,192.168.1.89,113.84.13.221,53,UDP,417,2,DNS Query
703,2025-08-02T17:15:07.996188,192.168.1.57,115.110.31.83,53,UDP,674,5,DNS Query
704,2025-08-02T16:41:49.996188,192.168.1.15,128.229.53.31,443,TCP,1160,6,HTTPS Connection
705,2025-08-02T17:27:31.996188,192.168.1.152,99.251.198.156,443,TCP,314,20,HTTPS Connection
706,2025-08-02T17:17:29.996188,192.168.1.131,119.213.212.136,53,UDP,540,6,DNS Query
707,2025-08-02T17:28:55.996188,192.168.1.150,122.96.164.85,443,TCP,790,15,HTTPS Connection
708,2025-08-02T17:00:19.996188,192.168.1.159,72.201.121.119,53,UDP,1154,7,DNS Query
709,2025-08-02T17:03:04.996188,192.168.1.112,221.248.4.192,53,UDP,125,18,DNS Query
710,2025-08-02T17:24:36.996188,192.168.1.136,125.187.251.240,53,UDP,1381,6,DNS Query
711,2025-08-02T17:27:28.996188,192.168.1.55,33.210.28.81,22,TCP,92,4,SSH Connection
712,2025-08-02T17:14:57.996188,192.168.1.42,21.227.93.213,53,UDP,538,2,DNS Query
713,2025-08-02T16:55:47.996188,192.168.1.194,181.128.95.163,80,TCP,451,8,HTTP Web Browsing
714,2025-08-02T17:28:45.996188,192.168.1.128,29.29.38.88,25,TCP,1051,4,SMTP Email
715,2025-08-02T17:23:10.996188,192.168.1.200,172.69.201.235,443,TCP,787,7,HTTPS Connection
716,2025-08-02T17:08:01.996188,192.168.1.22,51.125.81.172,53,UDP,509,17,DNS Query
717,2025-08-02T17:19:42.996188,192.168.1.73,102.131.111.93,80,TCP,1087,20,HTTP Web Browsing
718,2025-08-02T16:59:23.996188,192.168.1.48,77.46.189.139,25,TCP,478,15,SMTP Email
719,2025-08-02T17:16:14.996188,192.168.1.127,62.211.206.95,22,TCP,155,13,SSH Connection
720,2025-08-02T17:19:05.996188,192.168.1.86,32.41.35.59,53,UDP,687,3,DNS Query
721,2025-08-02T16:34:21.996188,192.168.1.165,91.252.167.51,53,UDP,387,5,DNS Query
722,2025-08-02T17:14:27.996188,192.168.1.175,66.236.239.4,53,UDP,1298,12,DNS Query
723,2025-08-02T17:31:47.996188,192.168.1.152,109.224.208.119,443,TCP,579,20,HTTPS Connection
724,2025-08-02T17:02:44.996188,192.168.1.120,187.102.92.8,80,TCP,128,1,HTTP Web Browsing
725,2025-08-02T17:28:16.996188,192.168.1.110,77.243.169.191,443,TCP,709,1,HTTPS Connection
726,2025-08-02T16:40:35.996188,192.168.1.183,35.154.122.104,443,TCP,1141,2,HTTPS Connection
727,2025-08-02T16:54:09.996188,192.168.1.174,62.211.141.246,53,UDP,1455,12,DNS Query
728,2025-08-02T16:53:43.996188,192.168.1.165,168.103.128.60,80,TCP,1250,3,HTTP Web Browsing
729,2025-08-02T17:01:24.996188,192.168.1.103,187.215.53.34,53,UDP,647,11,DNS Query
730,2025-08-02T17:15:35.996188,192.168.1.35,210.122.219.58,443,TCP,687,5,HTTPS Connection
731,2025-08-02T16:49:57.996188,192.168.1.152,97.43.225.19,80,TCP,298,11,HTTP Web Browsing
732,2025-08-02T16:59:14.996188,192.168.1.121,44.231.94.100,22,TCP,794,1,SSH Connection
733,2025-08-02T16:40:27.996188,192.168.1.166,108.162.8.168,80,TCP,656,2,HTTP Web Browsing
734,2025-08-02T17:04:20.996188,192.168.1.103,122.191.195.44,22,TCP,1387,17,SSH Connection
735,2025-08-02T16:47:16.996188,192.168.1.60,59.39.131.36,443,TCP,189,11,HTTPS Connection
736,2025-08-02T16:40:44.996188,192.168.1.120,198.3.191.122,53,UDP,1010,19,DNS Query
737,2025-08-02T17:14:18.996188,192.168.1.76,98.123.164.159,53,UDP,864,3,DNS Query
738,2025-08-02T17:31:46.996188,192.168.1.19,51.168.4.237,80,TCP,884,12,HTTP Web Browsing
739,2025-08-02T17:03:53.996188,192.168.1.177,81.65.29.194,21,TCP,175185,157,FTP Transfer
740,2025-08-02T16:41:09.996188,192.168.1.36,176.145.249.9,53,UDP,669,4,DNS Query
741,2025-08-02T16:42:28.996188,192.168.1.165,84.11.110.167,53,UDP,1076,17,DNS Query
742,2025-08-02T16:37:19.996188,192.168.1.180,103.210.83.238,443,TCP,1277,18,HTTPS Connection
743,2025-08-02T16:59:37.996188,192.168.1.66,19.51.217.50,21,TCP,127092,291,FTP Transfer
744,2025-08-02T16:48:07.996188,192.168.1.121,182.203.200.202,80,TCP,1005,7,HTTP Web Browsing
745,2025-08-02T16:57:06.996188,192.168.1.161,62.70.98.94,53,UDP,170,14,DNS Query
746,2025-08-02T17:30:15.996188,192.168.1.168,80.134.205.78,443,TCP,1447,19,HTTPS Connection
747,2025-08-02T17:26:33.996188,192.168.1.171,171.250.27.183,443,TCP,1482,9,HTTPS Connection
748,2025-08-02T17:20:25.996188,192.168.1.168,102.160.173.154,80,TCP,1140,13,HTTP Web Browsing
749,2025-08-02T17:25:28.996188,192.168.1.144,220.196.14.175,443,TCP,1202,9,HTTPS Connection
750,2025-08-02T17:10:15.996188,192.168.1.155,30.52.126.178,443,TCP,940,18,HTTPS Connection
751,2025-08-02T17:07:21.996188,192.168.1.104,133.80.255.91,443,TCP,61,20,HTTPS Connection
752,2025-08-02T16:47:35.996188,192.168.1.47,193.136.190.141,80,TCP,1050,17,HTTP Web Browsing
753,2025-08-02T17:22:52.996188,192.168.1.183,165.38.1.139,25,TCP,825,7,SMTP Email
754,2025-08-02T17:27:30.996188,192.168.1.104,110.151.67.7,443,TCP,326,16,HTTPS Connection
755,2025-08-02T17:07:55.996188,192.168.1.103,8.148.12.208,443,TCP,78,3,HTTPS Connection
756,2025-08-02T16:43:54.996188,192.168.1.173,158.54.126.244,80,TCP,350,18,HTTP Web Browsing
757,2025-08-02T16:37:01.996188,192.168.1.26,39.134.237.61,21,TCP,18798,176,FTP Transfer
758,2025-08-02T17:07:18.996188,192.168.1.146,41.67.12.23,53,UDP,492,5,DNS Query
759,2025-08-02T16:39:36.996188,192.168.1.140,144.198.245.119,443,TCP,523,12,HTTPS Connection
760,2025-08-02T17:09:29.996188,192.168.1.19,76.188.190.80,443,TCP,1110,18,HTTPS Connection
761,2025-08-02T16:51:53.996188,192.168.1.183,127.144.108.54,443,TCP,1396,14,HTTPS Connection
762,2025-08-02T16:53:59.996188,192.168.1.194,135.235.175.185,80,TCP,609,19,HTTP Web Browsing
763,2025-08-02T17:11:40.996188,192.168.1.38,142.64.6.105,53,UDP,478,7,DNS Query
764,2025-08-02T17:00:00.996188,192.168.1.87,95.12.166.141,443,TCP,632,20,HTTPS Connection
765,2025-08-02T16:32:55.996188,192.168.1.179,90.126.234.148,443,TCP,206,20,HTTPS Connection
766,2025-08-02T16:38:53.996188,192.168.1.53,65.16.185.212,80,TCP,535,17,HTTP Web Browsing
767,2025-08-02T17:01:28.996188,192.168.1.39,164.74.175.100,443,TCP,1280,18,HTTPS Connection
768,2025-08-02T17:16:31.996188,192.168.1.41,191.35.2.73,53,UDP,214,17,DNS Query
769,2025-08-02T16:54:36.996188,192.168.1.86,7.186.142.104,53,UDP,1403,4,DNS Query
770,2025-08-02T17:19:30.996188,192.168.1.111,27.83.148.238,80,TCP,1014,5,HTTP Web Browsing
771,2025-08-02T17:17:15.996188,192.168.1.118,191.13.250.156,53,UDP,1076,7,DNS Query
772,2025-08-02T16:46:37.996188,192.168.1.118,81.202.141.195,443,TCP,510,3,HTTPS Connection
773,2025-08-02T16:40:50.996188,192.168.1.60,40.130.66.89,25,TCP,88,19,SMTP Email
774,2025-08-02T16:39:23.996188,192.168.1.73,37.232.57.173,22,TCP,806,17,SSH Connection
775,2025-08-02T16:56:04.996188,192.168.1.114,135.170.241.114,21,TCP,374217,101,FTP Transfer
776,2025-08-02T16:36:04.996188,192.168.1.71,1.129.179.29,53,UDP,278,9,DNS Query
777,2025-08-02T16:48:55.996188,192.168.1.36,68.56.202.47,80,TCP,1405,17,HTTP Web Browsing
778,2025-08-02T16:46:22.996188,192.168.1.130,11.242.18.69,80,TCP,1045,16,HTTP Web Browsing
779,2025-08-02T17:27:39.996188,192.168.1.146,214.63.75.190,443,TCP,1179,1,HTTPS Connection
780,2025-08-02T17:11:13.996188,192.168.1.67,128.247.51.84,443,TCP,498,11,HTTPS Connection
781,2025-08-02T16:44:24.996188,192.168.1.81,77.254.93.180,53,UDP,410,3,DNS Query
782,2025-08-02T16:40:28.996188,192.168.1.161,125.108.161.206,443,TCP,1079,9,HTTPS Connection
783,2025-08-02T16:40:59.996188,192.168.1.56,144.74.127.24,53,UDP,1130,10,DNS Query
784,2025-08-02T17:21:04.996188,192.168.1.18,65.228.229.68,80,TCP,123,7,HTTP Web Browsing
785,2025-08-02T16:34:04.996188,192.168.1.53,15.125.9.142,443,TCP,383,10,HTTPS Connection
786,2025-08-02T17:29:09.996188,192.168.1.199,54.128.208.240,53,UDP,1450,4,DNS Query
787,2025-08-02T16:51:27.996188,192.168.1.79,215.172.9.66,443,TCP,1380,2,HTTPS Connection
788,2025-08-02T17:31:20.996188,192.168.1.176,186.71.189.155,53,UDP,380,7,DNS Query
789,2025-08-02T16:45:12.996188,192.168.1.131,46.223.80.49,53,UDP,225,1,DNS Query
790,2025-08-02T17:07:26.996188,192.168.1.139,73.73.141.56,443,TCP,1240,4,HTTPS Connection
791,2025-08-02T17:21:34.996188,192.168.1.40,148.236.155.131,53,UDP,397,11,DNS Query
792,2025-08-02T16:54:52.996188,192.168.1.61,186.191.152.36,53,UDP,1481,16,DNS Query
793,2025-08-02T16:55:15.996188,192.168.1.177,126.185.142.160,443,TCP,200,4,HTTPS Connection
794,2025-08-02T16:55:50.996188,192.168.1.14,218.51.227.129,53,UDP,1232,3,DNS Query
795,2025-08-02T16:57:58.996188,192.168.1.79,62.235.173.212,53,UDP,308,11,DNS Query
796,2025-08-02T17:13:18.996188,192.168.1.154,26.62.205.74,53,UDP,564,20,DNS Query
797,2025-08-02T17:30:29.996188,192.168.1.53,52.168.23.59,443,TCP,648,20,HTTPS Connection
798,2025-08-02T16:37:06.996188,192.168.1.150,67.126.208.236,53,UDP,285,2,DNS Query
799,2025-08-02T17:27:04.996188,192.168.1.190,210.144.203.54,53,UDP,1215,10,DNS Query
800,2025-08-02T16:41:42.996188,192.168.1.120,37.201.148.34,21,TCP,310593,356,FTP Transfer
801,2025-08-02T17:30:09.996188,192.168.1.67,151.43.119.92,80,TCP,985,2,HTTP Web Browsing
802,2025-08-02T16:41:55.996188,192.168.1.117,168.37.101.10,53,UDP,1150,12,DNS Query
803,2025-08-02T17:13:03.996188,192.168.1.31,184.245.199.254,22,TCP,846,17,SSH Connection
804,2025-08-02T16:58:13.996188,192.168.1.90,182.12.140.67,443,TCP,600,11,HTTPS Connection
805,2025-08-02T17:06:42.996188,192.168.1.90,96.68.73.183,443,TCP,307,17,HTTPS Connection
806,2025-08-02T17:13:21.996188,192.168.1.130,66.173.62.58,53,UDP,1292,6,DNS Query
807,2025-08-02T16:55:08.996188,192.168.1.157,173.247.245.131,80,TCP,343,3,HTTP Web Browsing
808,2025-08-02T17:09:54.996188,192.168.1.200,132.34.217.153,53,UDP,561,4,DNS Query
809,2025-08-02T16:58:37.996188,192.168.1.174,19.167.45.79,443,TCP,204,3,HTTPS Connection
810,2025-08-02T16:38:21.996188,192.168.1.50,205.25.86.51,443,TCP,324,7,HTTPS Connection
811,2025-08-02T16:46:51.996188,192.168.1.106,180.176.241.168,80,TCP,1027,6,HTTP Web Browsing
812,2025-08-02T16:31:58.996188,192.168.1.50,107.85.16.22,443,TCP,1028,4,HTTPS Connection
813,2025-08-02T16:35:06.996188,192.168.1.117,113.118.4.244,80,TCP,226,5,HTTP Web Browsing
814,2025-08-02T16:52:42.996188,192.168.1.27,1.233.167.227,22,TCP,1053,17,SSH Connection
815,2025-08-02T17:13:55.996188,192.168.1.114,75.28.35.31,53,UDP,635,9,DNS Query
816,2025-08-02T16:43:19.996188,192.168.1.64,202.202.140.204,53,UDP,254,10,DNS Query
817,2025-08-02T17:20:00.996188,192.168.1.39,109.29.63.226,443,TCP,1091,8,HTTPS Connection
818,2025-08-02T17:14:39.996188,192.168.1.152,38.106.52.190,25,TCP,1341,14,SMTP Email
819,2025-08-02T16:42:07.996188,192.168.1.111,210.206.115.233,53,UDP,755,5,DNS Query
820,2025-08-02T17:23:52.996188,192.168.1.78,151.206.116.127,80,TCP,91,2,HTTP Web Browsing
821,2025-08-02T17:01:32.996188,192.168.1.193,223.183.59.194,53,UDP,97,11,DNS Query
822,2025-08-02T16:54:42.996188,192.168.1.22,215.108.118.234,21,TCP,27665,65,FTP Transfer
823,2025-08-02T17:26:35.996188,192.168.1.123,129.220.79.83,22,TCP,673,7,SSH Connection
824,2025-08-02T17:12:00.996188,192.168.1.95,82.240.138.242,443,TCP,259,6,HTTPS Connection
825,2025-08-02T16:51:07.996188,192.168.1.103,88.14.173.163,53,UDP,379,5,DNS Query
826,2025-08-02T16:55:07.996188,192.168.1.45,61.79.42.193,443,TCP,970,15,HTTPS Connection
827,2025-08-02T16:38:32.996188,192.168.1.74,136.74.90.27,443,TCP,414,12,HTTPS Connection
828,2025-08-02T17:26:49.996188,192.168.1.161,23.220.8.85,53,UDP,422,10,DNS Query
829,2025-08-02T17:07:59.996188,192.168.1.147,41.2.19.115,443,TCP,580,10,HTTPS Connection
830,2025-08-02T16:56:34.996188,192.168.1.165,70.182.233.108,53,UDP,1072,4,DNS Query
831,2025-08-02T16:49:13.996188,192.168.1.157,173.191.203.60,443,TCP,933,12,HTTPS Connection
832,2025-08-02T16:56:36.996188,192.168.1.118,118.152.171.20,53,UDP,1221,3,DNS Query
833,2025-08-02T16:38:39.996188,192.168.1.86,20.179.202.28,53,UDP,1383,15,DNS Query
834,2025-08-02T16:39:37.996188,192.168.1.124,198.57.176.45,53,UDP,1462,4,DNS Query
835,2025-08-02T17:07:52.996188,192.168.1.107,24.2.236.27,25,TCP,1134,3,SMTP Email
836,2025-08-02T16:54:32.996188,192.168.1.34,56.197.228.195,443,TCP,420,16,HTTPS Connection
837,2025-08-02T16:51:27.996188,192.168.1.31,97.36.228.77,22,TCP,139,3,SSH Connection
838,2025-08-02T17:07:42.996188,192.168.1.151,145.85.144.151,443,TCP,133,6,HTTPS Connection
839,2025-08-02T17:15:44.996188,192.168.1.133,157.155.184.158,443,TCP,454,17,HTTPS Connection
840,2025-08-02T17:12:15.996188,192.168.1.86,136.98.164.105,80,TCP,901,1,HTTP Web Browsing
841,2025-08-02T17:21:13.996188,192.168.1.39,60.184.128.147,80,TCP,500,10,HTTP Web Browsing
842,2025-08-02T17:10:38.996188,192.168.1.184,214.227.56.17,80,TCP,1082,1,HTTP Web Browsing
843,2025-08-02T16:47:06.996188,192.168.1.169,152.25.43.118,53,UDP,1137,19,DNS Query
844,2025-08-02T16:43:38.996188,192.168.1.123,150.27.130.127,443,TCP,428,11,HTTPS Connection
845,2025-08-02T16:40:17.996188,192.168.1.41,96.206.212.112,443,TCP,480,5,HTTPS Connection
846,2025-08-02T17:16:04.996188,192.168.1.66,110.221.81.104,443,TCP,604,7,HTTPS Connection
847,2025-08-02T17:31:02.996188,192.168.1.95,42.101.235.189,53,UDP,198,15,DNS Query
848,2025-08-02T16:48:29.996188,192.168.1.138,166.127.52.191,80,TCP,336,5,HTTP Web Browsing
849,2025-08-02T17:14:27.996188,192.168.1.104,139.215.9.226,53,UDP,422,7,DNS Query
850,2025-08-02T16:48:55.996188,192.168.1.88,122.58.251.136,443,TCP,1272,6,HTTPS Connection
851,2025-08-02T17:24:24.996188,192.168.1.165,51.196.84.68,443,TCP,180,7,HTTPS Connection
852,2025-08-02T16:35:19.996188,192.168.1.37,86.205.9.175,53,UDP,1190,12,DNS Query
853,2025-08-02T16:52:36.996188,192.168.1.158,176.78.93.107,443,TCP,247,14,HTTPS Connection
854,2025-08-02T17:10:50.996188,192.168.1.87,153.151.162.113,443,TCP,406,12,HTTPS Connection
855,2025-08-02T16:47:19.996188,192.168.1.72,15.129.81.163,443,TCP,602,20,HTTPS Connection
856,2025-08-02T17:12:25.996188,192.168.1.173,103.107.6.253,80,TCP,205,9,HTTP Web Browsing
857,2025-08-02T17:05:20.996188,192.168.1.43,75.21.241.124,22,TCP,1154,11,SSH Connection
858,2025-08-02T17:26:15.996188,192.168.1.120,51.48.211.31,443,TCP,1330,6,HTTPS Connection
859,2025-08-02T17:10:56.996188,192.168.1.123,189.127.209.33,443,TCP,935,4,HTTPS Connection
860,2025-08-02T16:57:25.996188,192.168.1.194,88.1.106.73,53,UDP,1147,14,DNS Query
861,2025-08-02T17:09:47.996188,192.168.1.15,1.124.217.64,53,UDP,1267,6,DNS Query
862,2025-08-02T17:11:29.996188,192.168.1.188,54.66.125.123,53,UDP,244,5,DNS Query
863,2025-08-02T17:23:25.996188,192.168.1.68,50.194.219.3,443,TCP,493,6,HTTPS Connection
864,2025-08-02T16:58:06.996188,192.168.1.68,14.254.124.26,53,UDP,613,3,DNS Query
865,2025-08-02T16:47:51.996188,192.168.1.43,96.55.66.57,53,UDP,939,14,DNS Query
866,2025-08-02T16:56:40.996188,192.168.1.78,110.200.57.211,25,TCP,801,15,SMTP Email
867,2025-08-02T16:35:30.996188,192.168.1.10,59.123.181.177,443,TCP,1267,1,HTTPS Connection
868,2025-08-02T17:11:34.996188,192.168.1.26,73.199.254.179,80,TCP,349,17,HTTP Web Browsing
869,2025-08-02T17:29:08.996188,192.168.1.127,184.205.228.65,443,TCP,1277,7,HTTPS Connection
870,2025-08-02T17:20:04.996188,192.168.1.141,10.73.220.18,22,TCP,1297,2,SSH Connection
871,2025-08-02T16:39:10.996188,192.168.1.143,55.118.242.77,443,TCP,151,7,HTTPS Connection
872,2025-08-02T16:53:06.996188,192.168.1.170,186.252.19.180,443,TCP,1123,18,HTTPS Connection
873,2025-08-02T17:21:05.996188,192.168.1.148,161.104.73.179,443,TCP,1320,17,HTTPS Connection
874,2025-08-02T17:07:06.996188,192.168.1.176,45.176.190.29,53,UDP,906,5,DNS Query
875,2025-08-02T17:08:29.996188,192.168.1.100,188.152.103.117,53,UDP,1351,20,DNS Query
876,2025-08-02T17:27:56.996188,192.168.1.81,171.239.213.56,53,UDP,952,18,DNS Query
877,2025-08-02T17:25:54.996188,192.168.1.81,51.59.162.171,80,TCP,781,2,HTTP Web Browsing
878,2025-08-02T17:28:56.996188,192.168.1.63,135.89.41.209,443,TCP,71,17,HTTPS Connection
879,2025-08-02T17:30:10.996188,192.168.1.121,53.25.92.19,53,UDP,1326,2,DNS Query
880,2025-08-02T16:48:47.996188,192.168.1.71,114.202.50.182,53,UDP,871,9,DNS Query
881,2025-08-02T16:55:39.996188,192.168.1.133,58.225.130.214,53,UDP,1135,10,DNS Query
882,2025-08-02T17:28:46.996188,192.168.1.154,114.228.241.89,80,TCP,1386,19,HTTP Web Browsing
883,2025-08-02T16:37:25.996188,192.168.1.18,192.212.145.175,53,UDP,649,9,DNS Query
884,2025-08-02T17:00:37.996188,192.168.1.137,176.184.53.50,53,UDP,1244,2,DNS Query
885,2025-08-02T16:59:18.996188,192.168.1.43,49.219.107.175,443,TCP,378,20,HTTPS Connection
886,2025-08-02T17:29:14.996188,192.168.1.123,67.91.145.127,443,TCP,997,5,HTTPS Connection
887,2025-08-02T16:41:55.996188,192.168.1.49,151.52.0.56,53,UDP,871,12,DNS Query
888,2025-08-02T17:21:46.996188,192.168.1.106,105.135.254.17,53,UDP,696,18,DNS Query
889,2025-08-02T16:42:22.996188,192.168.1.124,125.226.70.172,443,TCP,1384,18,HTTPS Connection
890,2025-08-02T17:19:17.996188,192.168.1.25,37.229.186.64,25,TCP,591,7,SMTP Email
891,2025-08-02T17:18:54.996188,192.168.1.17,175.8.249.123,53,UDP,203,20,DNS Query
892,2025-08-02T17:06:41.996188,192.168.1.91,174.80.165.3,53,UDP,597,11,DNS Query
893,2025-08-02T16:51:28.996188,192.168.1.17,108.51.140.108,53,UDP,841,3,DNS Query
894,2025-08-02T17:01:46.996188,192.168.1.146,201.104.214.229,53,UDP,948,20,DNS Query
895,2025-08-02T16:58:33.996188,192.168.1.101,31.129.219.180,80,TCP,861,18,HTTP Web Browsing
896,2025-08-02T16:43:03.996188,192.168.1.130,37.155.161.56,53,UDP,262,8,DNS Query
897,2025-08-02T16:33:41.996188,192.168.1.121,214.54.172.14,80,TCP,515,6,HTTP Web Browsing
898,2025-08-02T16:36:55.996188,192.168.1.159,166.234.147.198,53,UDP,88,14,DNS Query
899,2025-08-02T16:52:21.996188,192.168.1.158,39.211.54.234,53,UDP,1125,16,DNS Query
900,2025-08-02T17:23:01.996188,192.168.1.59,88.3.124.66,80,TCP,847,15,HTTP Web Browsing
901,2025-08-02T17:26:56.996188,192.168.1.85,190.69.160.5,53,UDP,984,19,DNS Query
902,2025-08-02T16:44:08.996188,192.168.1.79,144.234.97.248,443,TCP,769,16,HTTPS Connection
903,2025-08-02T16:38:13.996188,192.168.1.129,92.7.153.194,443,TCP,482,6,HTTPS Connection
904,2025-08-02T17:11:31.996188,192.168.1.29,44.183.214.94,80,TCP,189,6,HTTP Web Browsing
905,2025-08-02T16:56:06.996188,192.168.1.126,163.206.143.116,25,TCP,729,12,SMTP Email
906,2025-08-02T17:04:35.996188,192.168.1.133,199.111.192.52,443,TCP,770,4,HTTPS Connection
907,2025-08-02T17:25:30.996188,192.168.1.59,90.54.51.182,53,UDP,1446,13,DNS Query
908,2025-08-02T17:25:45.996188,192.168.1.30,183.129.95.149,53,UDP,984,12,DNS Query
909,2025-08-02T16:42:12.996188,192.168.1.153,49.78.135.244,443,TCP,583,18,HTTPS Connection
910,2025-08-02T17:26:50.996188,192.168.1.93,188.44.250.47,53,UDP,962,18,DNS Query
911,2025-08-02T16:49:28.996188,192.168.1.22,196.165.159.191,25,TCP,1481,10,SMTP Email
912,2025-08-02T16:49:54.996188,192.168.1.144,19.127.69.182,53,UDP,271,4,DNS Query
913,2025-08-02T17:07:20.996188,192.168.1.35,178.51.99.104,53,UDP,1307,10,DNS Query
914,2025-08-02T16:38:13.996188,192.168.1.34,102.20.108.78,21,TCP,345726,455,FTP Transfer
915,2025-08-02T16:40:37.996188,192.168.1.10,7.31.131.181,53,UDP,153,2,DNS Query
916,2025-08-02T17:14:26.996188,192.168.1.57,2.27.135.179,80,TCP,1393,7,HTTP Web Browsing
917,2025-08-02T17:11:43.996188,192.168.1.134,40.249.169.5,443,TCP,348,5,HTTPS Connection
918,2025-08-02T16:46:26.996188,192.168.1.22,118.171.204.174,443,TCP,1063,15,HTTPS Connection
919,2025-08-02T16:45:17.996188,192.168.1.105,26.189.96.247,21,TCP,82009,460,FTP Transfer
920,2025-08-02T17:11:00.996188,192.168.1.119,96.205.92.94,443,TCP,1271,1,HTTPS Connection
921,2025-08-02T17:24:20.996188,192.168.1.93,129.149.40.101,53,UDP,609,16,DNS Query
922,2025-08-02T16:46:36.996188,192.168.1.28,112.255.133.83,443,TCP,1306,5,HTTPS Connection
923,2025-08-02T17:10:53.996188,192.168.1.179,194.99.142.219,80,TCP,367,12,HTTP Web Browsing
924,2025-08-02T16:58:02.996188,192.168.1.169,80.201.222.12,443,TCP,900,7,HTTPS Connection
925,2025-08-02T17:13:12.996188,192.168.1.116,141.142.86.123,443,TCP,590,12,HTTPS Connection
926,2025-08-02T16:42:14.996188,192.168.1.171,115.185.2.1,53,UDP,764,18,DNS Query
927,2025-08-02T17:24:41.996188,192.168.1.102,86.199.65.156,80,TCP,908,14,HTTP Web Browsing
928,2025-08-02T16:58:12.996188,192.168.1.113,200.176.85.215,443,TCP,1018,14,HTTPS Connection
929,2025-08-02T17:14:06.996188,192.168.1.94,7.94.203.189,443,TCP,469,3,HTTPS Connection
930,2025-08-02T16:35:28.996188,192.168.1.36,29.169.65.170,53,UDP,715,11,DNS Query
931,2025-08-02T17:22:10.996188,192.168.1.42,189.227.195.48,21,TCP,196745,458,FTP Transfer
932,2025-08-02T17:00:41.996188,192.168.1.45,31.244.250.117,53,UDP,1008,15,DNS Query
933,2025-08-02T17:21:56.996188,192.168.1.31,164.166.247.124,443,TCP,457,13,HTTPS Connection
934,2025-08-02T17:09:30.996188,192.168.1.13,99.40.18.147,80,TCP,1129,14,HTTP Web Browsing
935,2025-08-02T17:13:01.996188,192.168.1.30,223.83.235.163,443,TCP,1176,16,HTTPS Connection
936,2025-08-02T17:12:59.996188,192.168.1.107,75.157.31.35,80,TCP,801,8,HTTP Web Browsing
937,2025-08-02T17:14:32.996188,192.168.1.147,70.119.84.110,22,TCP,575,2,SSH Connection
938,2025-08-02T16:49:03.996188,192.168.1.45,17.84.149.41,443,TCP,1238,5,HTTPS Connection
939,2025-08-02T16:34:24.996188,192.168.1.181,170.7.170.86,443,TCP,1020,17,HTTPS Connection
940,2025-08-02T17:25:31.996188,192.168.1.53,123.230.28.229,80,TCP,1480,13,HTTP Web Browsing
941,2025-08-02T16:39:56.996188,192.168.1.32,84.113.227.15,443,TCP,819,19,HTTPS Connection
942,2025-08-02T16:53:14.996188,192.168.1.62,106.71.146.44,53,UDP,302,6,DNS Query
943,2025-08-02T16:39:28.996188,192.168.1.11,15.57.7.234,80,TCP,943,2,HTTP Web Browsing
944,2025-08-02T17:02:06.996188,192.168.1.32,176.15.224.112,53,UDP,288,11,DNS Query
945,2025-08-02T17:17:41.996188,192.168.1.124,206.123.185.1,25,TCP,804,16,SMTP Email
946,2025-08-02T17:20:34.996188,192.168.1.174,49.170.204.48,443,TCP,636,7,HTTPS Connection
947,2025-08-02T16:35:16.996188,192.168.1.10,190.91.225.116,443,TCP,905,19,HTTPS Connection
948,2025-08-02T17:11:11.996188,192.168.1.88,74.63.176.199,53,UDP,558,10,DNS Query
949,2025-08-02T17:11:52.996188,192.168.1.116,114.75.61.125,25,TCP,1156,8,SMTP Email
950,2025-08-02T16:34:16.996188,192.168.1.108,166.14.118.45,22,TCP,631,11,SSH Connection
951,2025-08-02T17:16:23.996188,192.168.1.133,12.186.127.107,25,TCP,1374,5,SMTP Email
952,2025-08-02T17:10:52.996188,192.168.1.10,220.255.96.153,80,TCP,638,18,HTTP Web Browsing
953,2025-08-02T17:00:41.996188,192.168.1.75,184.3.41.72,443,TCP,1100,6,HTTPS Connection
954,2025-08-02T16:47:13.996188,192.168.1.24,103.218.23.178,443,TCP,302,3,HTTPS Connection
955,2025-08-02T16:53:19.996188,192.168.1.131,18.31.22.182,443,TCP,539,3,HTTPS Connection
956,2025-08-02T16:45:32.996188,192.168.1.172,64.144.200.231,53,UDP,448,8,DNS Query
957,2025-08-02T17:13:09.996188,192.168.1.77,143.187.59.74,80,TCP,1017,12,HTTP Web Browsing
958,2025-08-02T17:24:34.996188,192.168.1.52,125.56.156.230,80,TCP,1398,6,HTTP Web Browsing
959,2025-08-02T17:02:41.996188,192.168.1.89,194.95.12.119,22,TCP,1213,14,SSH Connection
960,2025-08-02T17:28:48.996188,192.168.1.18,38.145.25.3,53,UDP,641,4,DNS Query
961,2025-08-02T16:48:56.996188,192.168.1.100,64.180.192.39,53,UDP,457,2,DNS Query
962,2025-08-02T17:08:09.996188,192.168.1.100,5.57.216.1,25,TCP,491,2,SMTP Email
963,2025-08-02T17:21:23.996188,192.168.1.179,163.122.86.80,53,UDP,263,3,DNS Query
964,2025-08-02T17:00:28.996188,192.168.1.31,40.150.39.111,25,TCP,895,10,SMTP Email
965,2025-08-02T17:21:04.996188,192.168.1.61,134.70.74.18,21,TCP,312707,213,FTP Transfer
966,2025-08-02T17:03:15.996188,192.168.1.78,145.23.87.15,53,UDP,1087,14,DNS Query
967,2025-08-02T17:16:50.996188,192.168.1.159,58.199.185.1,443,TCP,1241,6,HTTPS Connection
968,2025-08-02T17:24:00.996188,192.168.1.163,120.91.133.23,22,TCP,516,13,SSH Connection
969,2025-08-02T17:06:10.996188,192.168.1.85,121.1.27.188,53,UDP,834,16,DNS Query
970,2025-08-02T17:11:03.996188,192.168.1.177,207.74.47.27,443,TCP,641,2,HTTPS Connection
971,2025-08-02T17:20:37.996188,192.168.1.60,56.238.179.211,443,TCP,977,8,HTTPS Connection
972,2025-08-02T16:32:41.996188,192.168.1.129,184.191.22.241,22,TCP,763,17,SSH Connection
973,2025-08-02T17:23:56.996188,192.168.1.142,146.138.102.31,53,UDP,383,3,DNS Query
974,2025-08-02T16:52:49.996188,192.168.1.123,14.130.246.65,443,TCP,587,5,HTTPS Connection
975,2025-08-02T17:16:32.996188,192.168.1.21,178.144.186.9,53,UDP,1480,17,DNS Query
976,2025-08-02T17:30:47.996188,192.168.1.99,177.86.20.220,21,TCP,362216,476,FTP Transfer
977,2025-08-02T16:48:02.996188,192.168.1.16,111.246.108.27,53,UDP,1195,2,DNS Query
978,2025-08-02T17:28:59.996188,192.168.1.38,92.151.61.174,443,TCP,208,4,HTTPS Connection
979,2025-08-02T17:25:41.996188,192.168.1.161,193.103.85.160,443,TCP,535,2,HTTPS Connection
980,2025-08-02T16:41:54.996188,192.168.1.89,208.210.232.150,443,TCP,1131,4,HTTPS Connection
981,2025-08-02T17:03:45.996188,192.168.1.104,11.93.178.223,22,TCP,177,17,SSH Connection
982,2025-08-02T16:37:28.996188,192.168.1.19,50.144.41.91,53,UDP,398,19,DNS Query
983,2025-08-02T16:48:42.996188,192.168.1.165,101.62.234.38,53,UDP,670,9,DNS Query
984,2025-08-02T16:32:23.996188,192.168.1.21,134.5.3.253,80,TCP,781,19,HTTP Web Browsing
985,2025-08-02T16:53:52.996188,192.168.1.46,152.189.103.112,443,TCP,1362,12,HTTPS Connection
986,2025-08-02T17:28:07.996188,192.168.1.145,31.164.237.95,80,TCP,426,10,HTTP Web Browsing
987,2025-08-02T17:29:00.996188,192.168.1.167,54.239.73.73,21,TCP,270111,493,FTP Transfer
988,2025-08-02T16:52:02.996188,192.168.1.82,82.12.246.124,25,TCP,1382,13,SMTP Email
989,2025-08-02T16:42:29.996188,192.168.1.13,206.27.39.93,80,TCP,1002,5,HTTP Web Browsing
990,2025-08-02T17:13:47.996188,192.168.1.133,218.62.40.254,53,UDP,851,9,DNS Query
991,2025-08-02T16:46:44.996188,192.168.1.122,134.161.208.242,53,UDP,470,6,DNS Query
992,2025-08-02T16:43:38.996188,192.168.1.19,98.17.224.27,443,TCP,1289,15,HTTPS Connection
993,2025-08-02T17:01:39.996188,192.168.1.156,54.229.35.113,53,UDP,1363,2,DNS Query
994,2025-08-02T16:39:36.996188,192.168.1.57,91.237.192.14,22,TCP,1314,16,SSH Connection
995,2025-08-02T17:29:55.996188,192.168.1.179,192.167.57.126,53,UDP,1016,18,DNS Query
996,2025-08-02T16:55:12.996188,192.168.1.182,104.142.243.188,25,TCP,933,19,SMTP Email
997,2025-08-02T16:42:26.996188,192.168.1.17,48.8.210.88,21,TCP,124682,162,FTP Transfer
998,2025-08-02T17:03:12.996188,192.168.1.173,30.109.209.129,53,UDP,165,11,DNS Query
999,2025-08-02T17:15:02.996188,192.168.1.159,25.93.94.47,25,TCP,264,19,SMTP Email
1000,2025-08-02T17:21:02.996188,192.168.1.93,164.95.134.219,80,TCP,547,16,HTTP Web Browsing
